PRECTOT,PS,T2M_MIN,WS10M_MIN,RES
0.0,100.6,12.23,1.38,0
0.0,100.62,12.97,0.89,0
0.68,100.76,15.97,0.28,0
0.0,100.82,11.76,3.26,0
0.0,100.62,11.27,1.88,0
0.0,100.53,11.81,0.44,0
0.0,100.57,11.79,0.27,0
0.0,100.64,12.31,1.84,0
0.0,100.7,11.64,3.14,0
0.0,100.74,9.04,3.07,0
0.0,100.72,8.95,2.86,0
0.01,100.69,13.0,2.63,0
0.0,101.0,9.67,2.83,0
0.0,101.29,9.21,3.53,0
0.0,101.25,10.43,2.06,0
0.0,101.23,11.51,1.97,0
0.0,101.11,11.28,0.15,0
0.0,101.0,11.97,1.16,0
0.0,100.89,12.48,0.57,0
0.0,100.92,11.97,0.62,0
0.0,100.89,12.8,1.36,0
0.0,100.76,13.94,1.52,0
0.0,100.7,14.29,2.32,0
0.0,100.59,15.15,0.42,0
0.0,100.75,12.19,2.76,0
0.0,100.76,11.99,1.76,0
0.0,100.76,14.34,0.95,0
0.0,100.7,15.94,1.69,0
0.0,100.79,14.96,0.92,0
0.0,100.84,15.5,0.74,0
0.0,100.73,13.85,1.57,0
0.0,100.61,13.78,0.72,0
0.0,100.58,12.82,1.63,0
0.0,100.51,13.08,0.35,0
0.0,100.57,14.33,0.65,0
0.0,100.64,15.77,0.32,0
0.0,100.64,17.45,2.3,0
0.0,100.58,17.75,1.29,0
0.27,100.32,19.38,1.16,0
0.06,100.31,14.2,2.7,0
0.0,100.58,10.54,2.19,0
0.0,100.74,8.83,1.7,0
0.0,100.73,8.83,3.28,0
0.0,100.63,9.58,3.43,0
0.0,100.5,10.27,3.47,0
0.0,100.45,10.56,1.72,0
0.0,100.61,14.51,0.32,0
0.0,100.87,10.6,3.87,0
0.0,100.76,9.18,0.81,0
0.0,100.63,10.63,0.25,0
0.0,100.57,13.06,1.04,0
0.0,100.48,15.93,1.25,0
0.0,100.34,17.81,1.06,0
0.0,100.31,15.31,2.12,0
0.0,100.25,14.94,1.13,0
0.0,100.33,17.28,0.4,0
0.0,100.49,18.1,1.54,0
0.0,100.48,17.28,1.68,0
0.0,100.41,18.79,0.88,0
0.0,100.43,16.37,2.31,0
0.0,100.33,17.93,0.8,0
0.0,100.12,19.91,2.9,0
0.0,100.16,19.12,2.77,0
0.0,100.27,19.24,1.94,0
0.0,100.36,19.94,1.73,0
0.0,100.6,18.04,1.75,0
0.0,100.64,17.16,2.8,0
0.0,100.66,18.03,2.64,0
0.0,100.64,18.02,2.91,0
0.0,100.67,18.8,2.29,0
0.0,100.71,19.88,1.64,0
0.0,100.48,22.46,1.11,0
0.0,100.22,19.49,0.6,0
0.0,100.17,20.05,2.12,0
0.0,100.21,19.9,1.23,0
0.0,100.42,22.0,1.27,0
0.0,100.52,22.94,0.8,0
0.0,100.4,23.42,2.12,0
0.0,100.23,24.42,0.6,0
0.0,100.14,22.11,2.04,0
0.0,99.8,20.65,2.33,0
0.0,99.63,18.69,2.32,0
0.0,99.73,18.88,2.2,0
0.0,99.83,21.22,2.67,0
0.0,99.92,20.84,2.26,0
0.0,100.07,19.79,1.9,0
0.0,100.11,20.49,2.07,0
0.0,100.08,20.6,2.74,0
0.0,99.9,20.3,3.05,0
0.0,99.88,20.96,2.92,0
0.0,99.87,22.31,2.07,0
0.0,99.8,23.07,3.36,0
0.0,100.01,20.45,2.35,0
0.0,100.17,20.98,2.16,0
0.0,100.16,20.87,1.19,0
0.0,100.06,22.77,0.86,0
0.0,100.13,24.11,0.35,0
0.0,100.24,27.72,0.47,0
0.0,100.04,26.14,2.91,0
0.0,99.77,21.29,2.75,0
0.0,99.67,23.09,2.45,0
0.0,99.68,22.85,2.71,0
0.0,99.72,24.9,1.03,0
0.0,99.77,27.3,0.61,0
0.0,99.92,25.91,0.8,0
0.0,99.89,25.45,1.24,0
0.0,99.84,24.64,2.0,0
0.0,99.72,24.46,3.05,0
0.0,99.58,25.22,4.8,0
0.0,99.51,24.07,4.93,0
0.0,99.65,25.04,4.78,0
0.0,99.92,24.03,2.48,0
0.0,100.01,23.93,2.89,0
0.0,99.86,22.5,2.64,0
0.0,99.76,24.83,3.09,0
0.0,100.02,24.33,2.09,0
0.0,100.06,27.1,2.58,0
0.0,99.95,26.67,2.24,0
0.0,99.81,27.15,2.74,0
0.16,99.92,26.71,2.41,0
0.0,100.01,25.56,1.14,0
0.0,99.84,27.75,0.16,0
0.01,99.61,27.19,2.21,0
0.0,99.53,26.62,2.55,0
0.0,99.5,26.92,4.38,0
0.0,99.52,26.59,3.82,0
0.0,99.56,27.48,3.36,0
0.0,99.64,28.22,2.86,0
0.0,99.58,28.61,3.19,0
0.0,99.54,26.1,2.95,0
0.0,99.57,26.14,2.07,0
0.0,99.49,27.37,2.48,0
0.0,99.45,27.76,4.15,0
0.0,99.34,25.91,3.54,0
0.0,99.42,26.94,3.77,0
0.0,99.42,27.4,3.57,0
0.0,99.54,28.08,4.16,0
0.0,99.56,25.66,2.72,0
0.0,99.41,29.36,2.49,0
0.0,99.22,31.13,1.67,0
0.0,99.2,29.6,2.33,0
0.0,99.3,29.7,3.07,0
0.0,99.3,28.0,4.95,0
0.0,99.26,27.57,5.57,0
0.0,99.23,27.79,5.82,0
0.0,99.22,28.61,7.83,0
0.0,99.24,28.76,7.95,0
0.0,99.32,29.05,8.44,0
0.0,99.49,28.74,6.83,0
0.0,99.55,27.16,3.05,0
0.0,99.55,27.68,3.88,0
0.0,99.64,27.09,3.38,0
0.2,99.77,30.12,5.46,0
0.11,99.95,30.09,5.12,0
0.0,99.88,28.58,5.46,0
0.29,99.73,29.1,5.89,0
18.19,99.49,28.52,5.5,3
14.34,99.31,27.48,2.07,3
0.21,99.63,25.59,2.24,0
0.0,99.6,26.03,2.11,0
0.0,99.53,26.08,1.79,0
0.0,99.34,27.13,0.06,0
0.0,99.15,27.79,2.63,0
0.0,99.05,27.94,1.9,0
0.58,99.13,28.17,4.41,0
3.72,99.27,28.48,1.58,0
6.59,99.24,27.69,0.91,1
0.22,99.25,26.91,1.39,0
0.0,99.34,28.1,2.2,0
0.0,99.23,30.39,1.98,0
0.0,99.25,29.99,3.7,0
0.0,99.36,28.87,5.84,0
0.04,99.29,28.99,5.41,0
0.08,99.26,28.73,5.71,0
0.01,99.04,29.22,5.6,0
0.23,98.99,29.6,2.57,0
1.9,99.05,30.52,2.76,0
0.69,99.12,30.25,4.39,0
0.01,99.08,29.53,5.87,0
0.0,99.07,29.28,5.77,0
0.0,99.06,29.36,6.16,0
0.0,99.04,29.26,3.94,0
5.37,99.19,29.95,2.45,1
9.91,99.12,29.69,1.42,2
27.2,99.09,27.73,0.31,4
16.09,99.11,27.63,1.11,3
5.47,99.16,26.34,2.14,1
6.48,99.34,27.32,1.4,1
10.09,99.5,26.77,1.87,2
1.13,99.47,27.32,2.14,0
5.02,99.44,27.59,3.96,1
0.18,99.46,27.27,5.91,0
0.39,99.27,26.61,6.16,0
0.11,99.35,26.62,4.89,0
3.83,99.53,26.8,3.2,0
3.18,99.45,26.47,2.47,0
1.31,99.19,27.18,1.52,0
3.76,99.02,27.61,0.7,0
0.24,99.15,27.4,1.44,0
2.59,98.99,28.05,3.55,0
0.24,98.97,27.6,3.61,0
6.8,99.07,27.68,2.26,1
25.38,99.05,26.8,1.9,4
14.22,99.07,26.12,2.45,3
23.29,98.98,25.9,1.81,4
36.44,98.83,25.7,3.16,4
17.21,98.7,26.01,0.42,3
5.79,98.8,26.17,0.27,1
0.58,99.1,25.57,3.33,0
5.32,99.23,25.29,2.68,1
2.52,99.3,25.89,2.55,0
16.97,99.35,25.59,0.41,3
27.76,99.26,25.88,1.14,4
26.6,99.08,26.03,1.16,4
30.1,98.7,25.69,2.78,4
21.39,98.81,25.75,5.08,4
1.81,99.28,25.17,2.85,0
4.02,99.5,25.44,2.06,1
51.26,99.33,25.26,2.57,5
33.07,99.08,25.88,0.25,4
1.79,99.23,25.58,2.46,0
3.23,99.46,24.74,2.58,0
1.34,99.5,25.43,2.27,0
0.54,99.5,26.3,1.28,0
1.7,99.49,25.97,1.14,0
0.8,99.45,25.1,1.57,0
3.02,99.48,25.29,1.74,0
1.11,99.56,25.89,1.79,0
0.15,99.41,25.97,2.07,0
8.5,99.29,25.86,1.77,2
1.44,99.57,25.63,2.32,0
2.66,99.79,25.41,2.59,0
1.24,99.67,25.24,2.39,0
1.46,99.58,25.03,3.09,0
1.17,99.47,25.33,3.72,0
0.83,99.31,25.04,3.19,0
1.37,99.32,24.72,1.48,0
9.44,99.43,26.0,0.38,2
6.97,99.42,25.6,0.42,1
7.18,99.37,26.94,0.08,1
14.06,99.33,25.93,0.96,3
5.48,99.15,26.17,0.36,1
7.54,99.05,25.45,1.68,1
36.25,99.25,24.91,0.69,4
2.02,99.51,25.61,2.14,0
1.62,99.42,25.83,1.94,0
1.06,99.35,26.09,2.14,0
3.65,99.55,25.18,1.62,0
2.7,99.53,24.99,1.5,0
5.27,99.39,25.04,1.8,1
15.32,99.41,25.43,1.6,3
23.87,99.42,24.74,1.49,4
15.54,99.25,24.66,0.24,3
12.27,99.34,24.24,4.42,2
6.9,99.5,25.22,3.07,1
21.67,99.57,24.45,2.08,4
3.77,99.51,24.5,1.77,0
4.56,99.61,24.39,0.22,1
10.08,99.64,24.18,1.36,2
0.35,99.61,24.0,0.21,0
0.0,99.57,22.73,1.1,0
0.0,99.67,22.08,0.84,0
0.0,99.75,22.86,1.32,0
0.0,99.9,22.43,1.7,0
0.0,99.98,21.88,2.2,0
0.0,99.92,22.17,1.11,0
0.0,99.98,19.93,0.98,0
0.0,100.08,20.98,0.62,0
0.0,100.15,21.61,0.39,0
0.0,100.19,21.92,1.52,0
0.0,100.16,22.97,0.81,0
0.95,100.17,24.24,0.66,0
0.07,100.14,23.36,0.36,0
0.0,100.06,22.48,1.25,0
0.0,99.99,22.72,0.13,0
0.0,100.01,22.98,0.92,0
0.0,99.96,22.69,0.42,0
0.0,99.84,22.95,0.57,0
0.0,99.76,22.48,1.38,0
0.0,99.79,20.9,0.55,0
0.0,99.74,21.24,0.23,0
0.0,99.67,19.66,2.21,0
0.05,99.67,20.13,2.6,0
1.88,99.96,22.15,1.61,0
0.85,100.24,21.69,0.02,0
0.0,100.25,22.57,0.62,0
0.0,100.07,22.98,0.52,0
0.0,100.03,22.65,0.19,0
0.0,99.91,20.87,0.4,0
0.0,99.75,21.18,0.82,0
0.01,99.83,22.02,2.28,0
0.01,99.92,23.08,2.34,0
0.04,99.93,23.83,2.3,0
0.0,99.73,22.59,0.31,0
0.0,99.51,20.7,1.8,0
0.15,99.79,19.93,2.0,0
0.11,99.99,19.52,1.01,0
0.0,100.15,19.31,0.89,0
0.0,100.32,19.66,0.32,0
0.0,100.41,21.61,0.3,0
0.0,100.38,20.78,0.18,0
0.26,100.4,20.42,0.77,0
0.02,100.62,19.7,2.24,0
0.0,100.61,18.69,2.91,0
0.0,100.37,17.95,0.8,0
0.0,100.39,17.54,1.35,0
0.0,100.57,16.96,2.06,0
0.0,100.48,16.6,0.43,0
0.0,100.39,17.44,0.36,0
0.0,100.27,17.55,1.56,0
0.0,100.34,17.26,2.76,0
0.0,100.39,17.08,3.2,0
0.32,100.44,21.46,2.6,0
0.87,100.46,22.83,0.9,0
19.5,100.3,22.91,1.11,3
4.08,99.96,22.24,1.92,1
4.93,100.04,21.09,0.86,1
1.91,100.39,19.86,0.57,0
2.14,100.53,20.66,1.98,0
5.79,100.35,20.73,2.03,1
6.29,100.38,21.16,1.88,1
0.41,100.48,18.77,2.75,0
0.0,100.46,16.17,2.28,0
0.0,100.26,14.45,1.77,0
0.0,100.13,14.39,0.94,0
9.41,100.16,18.99,0.12,2
5.44,100.2,17.57,1.78,1
1.18,100.25,18.67,2.04,0
0.0,100.45,18.55,2.63,0
0.0,100.42,15.03,2.71,0
0.0,100.29,13.54,2.14,0
0.0,100.41,12.62,1.4,0
0.0,100.53,15.09,1.21,0
0.0,100.44,14.81,1.25,0
0.0,100.36,13.8,0.34,0
0.0,100.44,13.92,2.56,0
0.0,100.53,13.36,1.5,0
0.0,100.4,12.43,0.43,0
0.0,100.25,12.83,0.66,0
0.0,100.32,14.14,0.45,0
0.0,100.41,13.46,1.99,0
0.0,100.32,11.56,2.62,0
0.0,100.23,10.09,3.13,0
0.0,100.28,8.97,3.41,0
0.0,100.25,8.58,2.1,0
0.0,100.13,9.29,1.44,0
0.0,100.3,9.16,0.6,0
0.0,100.57,11.33,0.53,0
0.0,100.6,10.25,0.19,0
0.0,100.57,10.97,0.39,0
0.0,100.58,12.03,0.13,0
0.0,100.65,11.94,0.48,0
0.0,100.82,9.93,1.49,0
0.0,100.98,9.63,1.34,0
0.0,100.68,10.33,0.44,0
0.0,100.25,10.57,0.66,0
0.0,100.21,11.04,1.12,0
0.0,100.47,11.28,1.72,0
0.0,100.47,8.81,2.19,0
0.0,100.41,9.86,0.96,0
0.0,100.39,10.67,1.9,0
0.96,100.4,15.98,0.98,0
0.38,100.41,15.04,0.9,0
0.0,100.5,11.27,2.18,0
0.0,100.58,10.09,0.54,0
0.0,100.64,8.34,2.21,0
0.0,100.6,7.08,1.61,0
0.0,100.69,7.11,2.28,0
0.0,100.7,7.3,2.85,0
0.0,100.65,7.53,2.59,0
0.0,100.71,6.6,0.83,0
0.0,100.64,8.26,0.33,0
0.0,100.47,8.74,0.91,0
0.0,100.62,6.78,3.41,0
0.0,100.7,6.34,2.03,0
0.0,100.56,7.49,0.96,0
0.0,100.39,12.7,0.21,0
0.0,100.37,12.17,1.5,0
0.0,100.43,11.66,1.96,0
0.0,100.75,8.09,2.69,0
0.0,100.79,6.08,2.22,0
0.0,100.51,8.33,1.34,0
0.0,100.48,11.93,0.09,0
0.0,100.53,9.99,2.44,0
0.0,100.62,9.93,0.26,0
0.0,100.68,12.99,1.07,0
0.0,100.66,13.82,0.87,0
0.0,100.76,13.34,1.05,0
0.0,100.76,12.8,2.09,0
0.0,100.81,11.11,2.4,0
0.0,101.03,8.59,3.6,0
0.0,100.93,8.15,3.1,0
0.0,100.65,8.79,1.82,0
0.0,100.49,11.03,1.7,0
0.0,100.74,12.41,2.5,0
0.0,100.8,11.55,2.95,0
0.0,100.75,12.11,2.33,0
0.0,100.71,12.92,0.88,0
0.0,100.66,13.77,0.94,0
0.0,100.62,16.1,0.81,0
0.0,100.43,15.36,0.15,0
0.0,100.34,12.33,2.09,0
0.0,100.25,15.48,1.82,0
0.0,100.2,15.16,0.39,0
0.0,100.18,12.27,1.4,0
0.0,100.34,12.5,0.55,0
0.0,100.4,14.06,2.15,0
0.0,100.27,17.13,1.84,0
0.01,100.18,13.43,2.17,0
3.49,100.06,16.41,0.21,0
0.14,100.12,15.56,0.25,0
0.0,100.38,12.7,1.97,0
0.0,100.55,13.16,1.31,0
0.0,100.44,12.89,0.76,0
0.0,100.58,14.23,1.07,0
0.0,100.74,14.3,2.88,0
0.0,100.87,12.27,3.71,0
0.0,100.62,12.7,1.27,0
0.0,100.59,13.15,1.31,0
0.0,100.5,13.66,2.63,0
0.0,100.31,14.83,0.14,0
0.01,100.38,15.96,0.29,0
0.0,100.67,13.9,3.61,0
0.0,100.56,14.31,0.82,0
0.0,100.41,16.76,2.61,0
0.0,100.36,16.19,2.46,0
0.0,100.24,18.29,1.84,0
0.0,100.21,17.07,1.77,0
0.0,100.38,16.24,2.66,0
0.0,100.57,16.57,2.07,0
0.0,100.7,16.79,2.68,0
0.0,100.44,17.68,1.56,0
0.0,100.35,17.0,2.72,0
0.0,100.51,14.54,3.59,0
0.0,100.54,15.53,3.33,0
0.0,100.45,15.94,1.91,0
0.0,100.36,18.02,0.24,0
0.0,100.23,20.72,0.74,0
0.0,100.21,20.46,0.56,0
0.0,100.1,21.93,0.4,0
0.0,99.99,23.61,1.37,0
0.0,99.87,21.12,2.86,0
0.0,99.69,17.83,2.95,0
0.0,99.75,19.62,2.25,0
0.0,99.93,19.09,1.14,0
0.0,100.05,17.64,2.23,0
0.0,100.09,18.61,1.34,0
0.0,100.16,18.9,2.37,0
0.0,100.2,20.95,0.59,0
0.0,100.26,21.75,0.73,0
0.0,100.18,20.3,2.71,0
0.0,100.0,19.52,2.34,0
0.0,100.05,19.66,2.71,0
0.0,100.21,20.84,2.98,0
0.0,100.19,20.79,2.38,0
0.0,100.07,19.94,1.88,0
0.0,100.0,21.17,1.92,0
0.0,100.19,19.85,2.91,0
0.0,100.25,18.83,2.65,0
0.0,100.26,19.41,1.04,0
0.0,100.21,19.73,0.95,0
0.0,100.15,22.55,0.88,0
0.0,100.15,21.79,1.27,0
0.0,100.18,22.61,0.21,0
0.0,100.2,23.22,1.13,0
0.0,100.21,22.64,0.87,0
0.0,100.13,23.67,2.12,0
0.0,100.08,23.59,2.27,0
0.0,99.94,24.54,1.88,0
0.0,99.81,26.45,0.6,0
0.0,99.82,27.23,0.54,0
0.0,99.95,26.45,3.14,0
0.0,99.94,25.21,3.03,0
0.0,99.82,23.28,0.12,0
0.0,99.82,22.63,0.85,0
0.0,99.88,23.4,2.24,0
0.0,99.81,22.82,1.45,0
0.0,99.71,23.34,2.6,0
0.0,99.69,24.78,1.74,0
0.0,99.76,22.63,2.12,0
0.0,99.76,23.89,1.25,0
0.0,99.73,24.79,2.59,0
0.0,99.61,25.78,3.44,0
0.0,99.7,25.88,3.51,0
0.0,99.81,26.05,3.13,0
0.0,99.84,26.46,2.83,0
0.0,99.69,25.6,3.88,0
0.0,99.66,25.31,5.54,0
0.0,99.74,25.1,5.05,0
0.0,99.74,25.32,3.79,0
0.0,99.72,22.9,2.17,0
0.0,99.7,24.91,0.47,0
0.0,99.52,26.34,2.84,0
0.0,99.58,24.75,3.65,0
0.0,99.59,24.44,3.73,0
0.0,99.62,25.37,5.03,0
0.0,99.58,26.08,4.67,0
0.0,99.63,26.72,3.02,0
0.08,99.66,26.94,3.17,0
0.07,99.74,26.56,2.28,0
0.07,99.89,27.58,2.5,0
0.05,99.89,28.92,2.4,0
0.0,99.7,28.4,3.89,0
0.0,99.48,26.79,3.82,0
0.0,99.17,27.44,6.64,0
0.0,99.1,27.79,7.14,0
0.0,99.33,28.2,6.77,0
0.0,99.62,28.66,3.92,0
0.0,99.68,28.12,4.92,0
0.0,99.57,27.76,4.88,0
0.0,99.65,27.64,3.4,0
0.0,99.68,27.76,3.37,0
0.0,99.59,28.02,2.72,0
0.0,99.61,28.24,4.04,0
0.0,99.54,26.46,4.96,0
0.0,99.24,27.59,6.87,0
0.0,99.14,28.22,6.68,0
0.0,99.4,28.03,2.67,0
3.89,99.54,28.84,0.94,0
0.24,99.34,29.11,0.17,0
0.0,99.13,30.24,0.89,0
0.0,99.13,30.59,1.26,0
0.0,99.05,29.66,1.42,0
0.0,98.96,30.1,2.86,0
0.0,98.88,29.36,4.33,0
0.0,99.0,29.35,5.84,0
0.0,99.01,28.93,3.74,0
0.0,99.19,30.66,3.4,0
0.0,99.3,29.26,4.4,0
1.25,99.28,29.48,4.04,0
0.4,99.16,28.81,6.87,0
0.09,99.04,28.99,7.46,0
0.01,98.87,29.1,6.56,0
0.0,98.9,28.66,5.89,0
0.0,98.91,28.89,5.94,0
0.0,99.03,28.96,6.39,0
0.0,99.13,29.08,4.75,0
0.47,98.97,28.93,6.67,0
0.7,98.94,29.0,1.96,0
0.06,98.99,29.31,6.83,0
0.0,98.89,28.46,7.21,0
0.01,98.85,28.39,5.75,0
0.0,98.86,28.55,6.22,0
0.01,98.84,29.1,5.62,0
0.0,98.95,28.42,6.67,0
0.0,99.11,28.58,6.48,0
0.01,99.18,28.19,6.85,0
0.0,99.19,27.93,5.06,0
0.0,99.2,27.98,5.53,0
0.01,99.42,28.33,2.41,0
1.56,99.42,29.2,1.98,0
0.6,99.34,30.15,0.74,0
10.91,99.17,29.11,1.37,2
18.2,99.41,26.69,3.98,3
19.91,99.45,25.9,3.81,3
32.57,99.39,25.72,3.52,4
15.51,99.34,25.84,3.14,3
0.54,99.15,25.09,2.07,0
1.69,99.07,26.32,3.19,0
0.51,98.95,26.5,1.78,0
2.18,98.9,26.94,0.96,0
1.23,98.87,26.74,0.2,0
2.85,98.8,27.83,1.31,0
9.48,98.9,27.27,2.84,2
6.97,99.01,26.66,5.61,1
0.0,98.94,25.78,5.28,0
0.0,99.04,25.56,4.96,0
0.0,99.1,25.68,4.83,0
1.74,99.06,25.79,3.13,0
0.71,99.15,25.8,1.06,0
8.5,99.29,26.49,0.4,2
1.03,99.41,26.81,1.11,0
0.8,99.35,26.65,1.42,0
2.29,99.24,27.63,0.47,0
1.29,99.28,26.67,2.09,0
4.31,99.24,26.49,2.54,1
2.53,99.15,26.11,3.71,0
1.88,99.17,25.92,3.72,0
0.72,99.16,26.13,3.57,0
0.09,99.13,25.98,2.55,0
0.0,99.12,26.25,2.66,0
0.0,99.08,26.42,2.97,0
0.0,99.01,26.2,2.97,0
0.01,98.98,26.33,3.95,0
5.48,99.0,26.16,3.22,1
25.31,98.97,26.29,3.2,4
33.03,98.87,25.95,4.16,4
48.41,98.83,25.82,5.11,5
17.89,98.78,25.51,3.85,3
15.24,98.83,25.48,2.48,3
13.13,98.93,26.01,2.7,2
11.75,99.12,25.85,2.24,2
5.37,99.34,25.31,3.97,1
0.08,99.38,24.39,2.51,0
0.01,99.45,24.67,2.47,0
0.08,99.48,25.04,2.12,0
8.33,99.55,25.68,0.66,2
1.62,99.52,25.64,1.32,0
0.48,99.55,24.88,1.48,0
0.03,99.55,26.19,2.22,0
1.89,99.46,25.5,1.83,0
3.4,99.58,25.04,2.01,0
2.52,99.62,24.81,2.34,0
2.77,99.42,24.69,0.56,0
3.58,99.28,25.75,0.41,0
19.76,99.26,26.67,0.58,3
64.18,99.17,26.34,1.22,5
15.85,99.21,25.5,1.11,3
2.83,99.17,25.91,1.0,0
3.79,99.11,26.06,0.42,0
6.67,98.99,25.34,0.31,1
15.03,98.93,25.54,2.07,3
28.0,98.95,26.43,2.04,4
21.66,98.86,25.55,0.29,4
24.41,98.91,25.34,4.68,4
3.5,99.1,25.04,4.72,0
21.62,99.43,24.48,2.56,4
10.37,99.58,24.79,1.71,2
7.29,99.37,25.22,1.73,1
15.54,99.16,25.13,1.18,3
4.25,99.24,25.43,2.49,1
3.04,99.47,25.24,1.7,0
0.16,99.44,25.05,1.96,0
2.11,99.49,24.87,2.46,0
1.92,99.56,24.24,2.85,0
0.37,99.67,23.29,2.56,0
0.02,99.92,22.84,2.07,0
0.24,100.04,22.73,2.0,0
0.19,99.9,22.57,2.11,0
0.0,99.9,22.18,1.72,0
0.0,99.91,22.18,1.66,0
0.01,99.94,21.86,2.15,0
0.2,100.08,21.83,2.31,0
0.02,100.18,21.42,2.43,0
0.0,100.12,21.0,2.44,0
0.0,100.07,20.77,2.06,0
0.0,100.12,20.78,1.59,0
0.05,100.18,20.71,1.67,0
0.02,100.15,20.43,1.66,0
0.0,100.09,19.54,1.82,0
0.0,100.09,19.31,2.03,0
0.0,100.09,18.89,1.86,0
0.0,100.31,20.11,0.24,0
0.0,100.45,21.21,0.76,0
0.0,100.34,20.43,0.49,0
0.0,100.32,21.2,0.33,0
0.0,100.37,22.02,0.27,0
0.0,100.38,22.05,0.8,0
0.0,100.42,23.41,0.22,0
0.0,100.33,23.81,0.39,0
0.0,100.16,23.37,0.65,0
0.0,100.15,23.7,0.29,0
0.0,100.07,21.33,0.26,0
0.0,100.05,23.46,0.3,0
0.0,100.09,22.53,1.42,0
0.0,100.19,22.13,0.88,0
0.0,100.03,21.87,0.38,0
0.02,100.01,21.81,0.32,0
0.0,100.14,21.51,0.79,0
0.0,100.21,20.82,0.07,0
0.0,100.39,20.21,0.5,0
0.0,100.46,19.67,1.05,0
0.0,100.37,19.33,0.61,0
0.0,100.44,18.47,0.99,0
0.0,100.43,18.27,0.29,0
0.0,100.39,18.12,0.1,0
0.0,100.38,17.83,1.11,0
0.0,100.25,17.51,0.43,0
0.02,100.26,17.83,0.08,0
0.06,100.35,18.79,0.59,0
0.0,100.29,18.79,0.2,0
0.0,100.22,19.15,0.66,0
0.0,100.31,20.74,0.35,0
0.0,100.46,19.45,0.47,0
0.0,100.4,19.44,0.99,0
0.0,100.38,21.9,0.35,0
0.0,100.44,21.52,0.18,0
0.0,100.46,22.46,0.31,0
0.0,100.42,19.93,1.03,0
0.0,100.44,19.5,1.12,0
0.0,100.4,19.88,1.3,0
0.0,100.45,20.64,0.14,0
0.0,100.52,19.42,0.82,0
0.0,100.64,18.67,1.09,0
0.0,100.61,18.28,1.15,0
0.0,100.56,18.81,0.49,0
0.0,100.55,19.37,0.39,0
0.0,100.57,17.67,0.73,0
0.0,100.71,19.36,0.88,0
0.0,100.76,16.53,2.09,0
0.0,100.68,16.0,1.8,0
0.0,100.62,15.72,1.96,0
0.0,100.62,15.48,0.38,0
0.0,100.54,15.92,0.97,0
0.0,100.41,16.4,0.11,0
0.0,100.36,17.28,0.75,0
0.0,100.34,18.82,1.92,0
0.0,100.39,18.5,3.97,0
0.0,100.38,18.05,0.54,0
0.0,100.36,17.97,1.66,0
0.0,100.38,17.45,0.82,0
0.0,100.21,18.28,0.93,0
0.0,100.18,20.64,0.57,0
0.0,100.26,19.6,0.16,0
0.0,100.32,17.41,0.57,0
0.0,100.46,15.76,0.71,0
0.0,100.47,13.71,0.68,0
0.0,100.59,13.24,2.22,0
0.0,100.7,11.99,3.44,0
0.0,100.64,9.47,1.49,0
0.0,100.71,9.7,0.4,0
0.0,100.76,10.44,2.01,0
0.0,100.77,10.79,1.02,0
0.0,100.76,11.13,0.35,0
0.0,100.71,10.48,0.14,0
0.0,100.67,10.92,2.01,0
0.0,100.72,13.1,1.02,0
0.0,100.69,12.52,0.91,0
0.0,100.63,13.78,0.78,0
0.0,100.71,11.11,3.05,0
0.0,100.7,8.8,2.05,0
0.0,100.58,9.89,1.98,0
0.0,100.52,9.36,0.36,0
0.0,100.54,12.02,0.75,0
0.0,100.54,11.71,0.88,0
0.0,100.54,10.15,1.11,0
0.0,100.64,9.9,0.56,0
0.0,100.75,11.4,3.29,0
0.0,100.79,10.13,1.97,0
0.0,100.71,9.52,3.4,0
0.0,100.69,9.03,3.67,0
0.0,100.71,8.45,2.25,0
0.0,100.57,9.73,1.66,0
0.0,100.5,11.49,1.64,0
0.0,100.61,13.84,1.97,0
0.0,100.65,13.28,0.94,0
0.0,100.8,10.45,1.18,0
0.0,101.03,6.73,3.64,0
0.0,101.01,6.46,2.57,0
0.0,101.02,6.85,1.47,0
0.0,101.07,7.83,0.9,0
0.0,101.02,9.66,0.09,0
0.0,100.98,10.12,1.11,0
0.0,100.73,11.48,0.68,0
0.0,100.39,13.56,1.16,0
0.0,100.16,14.25,2.45,0
0.0,100.24,11.02,1.95,0
0.0,100.22,10.16,0.58,0
0.0,100.31,8.85,0.55,0
0.0,100.63,8.59,1.0,0
0.0,100.58,8.1,0.34,0
0.0,100.55,9.13,1.16,0
0.0,100.7,9.13,1.62,0
0.0,100.67,8.34,2.58,0
0.0,100.56,10.77,2.1,0
0.0,100.73,10.24,2.82,0
0.0,100.61,10.13,0.84,0
0.0,100.57,9.03,2.58,0
0.0,100.68,9.76,3.44,0
0.0,100.81,9.55,2.66,0
0.0,101.0,9.58,3.69,0
0.0,101.02,9.41,1.97,0
0.0,100.86,9.55,0.6,0
0.0,100.71,12.28,2.14,0
0.0,100.51,11.55,0.55,0
0.0,100.7,12.0,2.01,0
0.0,100.69,9.71,3.3,0
0.0,100.7,7.81,3.6,0
0.0,100.82,3.19,2.51,0
0.0,100.85,4.83,2.35,0
0.0,100.72,7.46,2.32,0
0.0,100.49,10.25,1.49,0
0.0,100.3,14.05,1.25,0
0.0,100.4,14.01,1.86,0
0.0,100.65,12.24,2.77,0
0.0,100.56,10.88,3.43,0
0.0,100.54,9.08,3.09,0
0.0,100.6,10.05,1.61,0
0.0,100.69,12.23,3.42,0
0.0,100.64,12.87,0.99,0
0.0,100.38,16.01,0.87,0
0.0,100.17,13.81,2.32,0
0.0,100.23,15.25,1.85,0
0.0,100.41,12.53,2.82,0
0.0,100.42,10.15,2.97,0
0.0,100.35,9.93,2.18,0
0.0,100.28,11.55,0.76,0
0.0,100.17,13.05,1.2,0
0.0,100.0,14.05,1.92,0
0.0,99.87,15.02,1.84,0
0.0,99.99,13.31,1.88,0
0.0,99.99,15.25,2.15,0
0.0,99.96,15.87,1.74,0
0.0,100.05,16.45,2.37,0
0.0,100.03,16.48,2.67,0
0.0,100.05,15.17,2.23,0
0.0,100.0,12.54,2.03,0
0.0,100.11,11.72,2.34,0
0.0,100.25,10.53,1.54,0
0.0,100.19,13.05,0.79,0
0.0,100.1,12.88,1.47,0
0.0,100.36,14.24,2.0,0
0.0,100.73,15.66,2.58,0
0.0,100.7,15.74,0.15,0
0.0,100.48,18.72,1.02,0
0.0,100.34,19.46,1.01,0
0.0,100.24,16.72,1.82,0
0.0,100.24,18.08,2.79,0
0.0,100.27,17.73,2.26,0
0.0,100.34,17.59,3.01,0
0.0,100.33,15.52,2.94,0
0.0,100.37,15.44,1.43,0
0.0,100.44,16.83,1.2,0
0.0,100.42,17.42,1.29,0
0.0,100.28,20.88,0.85,0
0.0,100.2,19.55,1.1,0
0.0,100.25,24.06,0.81,0
0.0,100.47,22.97,1.49,0
0.0,100.43,21.89,3.0,0
0.0,100.11,23.28,0.5,0
0.0,100.05,22.04,1.6,0
0.0,100.13,23.28,2.19,0
0.0,100.17,22.52,1.97,0
0.0,100.26,24.0,1.96,0
0.0,100.15,23.95,2.49,0
0.06,99.93,23.29,2.61,0
0.0,99.8,23.1,1.63,0
0.0,99.8,23.65,1.01,0
0.0,99.83,23.82,1.96,0
0.0,99.83,24.17,1.11,0
0.0,99.8,23.45,2.45,0
0.0,99.71,23.86,2.65,0
0.0,99.65,24.04,2.59,0
0.22,99.69,22.83,3.12,0
0.43,99.97,22.85,2.08,0
0.0,100.07,24.5,2.04,0
0.0,99.92,26.33,1.05,0
0.0,99.78,24.45,2.08,0
0.24,99.79,24.8,2.49,0
0.0,99.98,25.1,2.42,0
1.02,100.24,23.4,0.83,0
0.0,100.22,23.83,2.46,0
0.0,99.86,22.84,2.02,0
0.0,99.74,23.06,2.54,0
0.0,99.84,23.65,1.87,0
0.01,99.87,23.62,1.02,0
0.0,99.87,25.75,1.03,0
0.0,99.88,24.95,1.95,0
0.0,99.73,25.04,2.15,0
0.0,99.61,23.61,1.76,0
0.0,99.5,23.43,2.2,0
0.0,99.59,22.24,0.75,0
0.0,99.73,23.33,0.6,0
0.0,99.61,24.69,1.92,0
0.0,99.42,25.04,0.58,0
0.0,99.56,25.8,2.43,0
0.62,99.82,25.73,3.34,0
0.06,99.81,26.16,2.72,0
0.51,99.85,26.71,2.15,0
0.0,99.9,26.42,2.99,0
0.0,99.97,27.12,3.75,0
0.0,99.77,25.72,3.5,0
0.0,99.59,26.66,4.66,0
0.01,99.68,26.46,3.98,0
0.0,99.77,25.89,2.59,0
0.0,99.81,25.81,3.66,0
0.0,99.62,25.09,4.2,0
0.0,99.57,25.13,3.74,0
0.02,99.76,25.55,3.02,0
0.0,99.83,26.97,2.33,0
0.02,99.7,27.45,3.24,0
0.04,99.6,26.32,3.74,0
0.0,99.6,27.05,3.21,0
0.0,99.59,26.76,3.78,0
0.0,99.51,27.47,3.74,0
0.0,99.46,26.55,4.91,0
0.0,99.57,26.88,4.14,0
0.0,99.55,27.43,3.82,0
0.0,99.53,27.45,3.54,0
0.0,99.6,26.4,3.58,0
0.0,99.48,26.34,2.65,0
0.0,99.21,27.39,5.66,0
0.0,99.22,27.31,6.2,0
0.0,99.28,27.12,6.75,0
0.0,99.2,27.62,6.44,0
0.0,99.19,27.64,6.21,0
0.0,99.13,28.55,5.69,0
1.34,99.08,27.95,3.9,0
0.36,99.27,27.87,2.93,0
0.06,99.46,28.41,2.85,0
0.0,99.45,28.0,5.88,0
0.25,99.27,27.67,4.52,0
0.0,99.17,27.54,3.47,0
0.09,99.2,28.5,1.52,0
0.54,99.26,30.74,1.46,0
0.09,99.35,31.83,1.9,0
0.06,99.29,30.46,3.07,0
7.28,99.13,29.85,5.66,1
0.35,98.99,27.79,5.23,0
0.0,99.03,28.24,4.74,0
0.0,99.11,29.07,5.77,0
0.0,99.1,28.66,6.0,0
0.0,99.18,28.52,6.71,0
0.82,99.23,28.25,6.28,0
0.39,99.15,28.72,5.81,0
0.0,98.99,28.71,5.88,0
0.0,99.16,29.18,7.2,0
0.16,99.23,28.56,7.43,0
0.04,99.24,28.37,6.25,0
0.0,99.31,28.45,5.01,0
0.0,99.25,28.59,3.39,0
0.0,99.14,28.92,3.88,0
3.82,99.07,28.85,4.77,0
1.3,99.0,28.34,3.89,0
3.6,98.82,29.44,3.92,0
6.01,98.73,28.16,3.98,1
0.01,99.01,27.34,4.41,0
0.66,98.99,27.1,4.77,0
1.39,98.9,27.7,4.75,0
0.12,98.95,27.36,4.31,0
2.36,99.0,28.55,2.64,0
17.75,99.1,28.27,1.84,3
14.52,99.13,27.24,0.89,3
3.09,99.24,27.7,2.71,0
0.23,99.24,27.69,4.52,0
0.07,99.16,26.96,5.5,0
0.03,99.21,27.25,5.56,0
0.44,99.41,26.74,3.45,0
0.52,99.44,27.49,3.0,0
0.04,99.24,27.29,4.61,0
0.0,99.04,27.31,5.72,0
0.0,99.0,27.76,4.77,0
0.0,99.2,28.14,1.41,0
1.96,99.18,28.37,2.78,0
0.03,98.94,28.16,5.58,0
0.0,98.9,28.15,5.95,0
0.0,99.04,27.85,5.5,0
0.0,99.07,27.86,5.42,0
0.0,99.01,28.45,3.62,0
0.05,99.09,28.25,5.31,0
0.07,99.21,27.36,5.02,0
0.06,99.22,27.34,5.28,0
1.74,99.16,27.58,4.95,0
0.81,99.26,27.11,4.72,0
0.0,99.31,27.5,6.16,0
0.03,99.02,27.08,6.29,0
0.02,98.95,27.1,5.49,0
0.0,99.15,27.04,2.62,0
0.5,99.25,28.46,1.13,0
14.63,99.28,27.97,0.93,3
9.23,99.37,26.88,2.16,2
0.14,99.22,25.67,2.95,0
0.55,99.13,26.12,1.58,0
9.11,99.23,26.9,0.58,2
30.83,99.25,26.79,1.37,4
39.42,99.18,25.37,2.41,4
5.97,99.26,25.08,1.72,1
16.04,99.45,25.25,1.56,3
4.05,99.48,24.93,1.22,1
0.0,99.5,24.71,2.22,0
0.8,99.43,24.87,2.2,0
0.12,99.27,25.23,1.91,0
0.39,99.24,26.08,2.0,0
0.71,99.35,26.18,3.22,0
1.21,99.44,25.71,3.35,0
1.21,99.61,25.59,3.38,0
0.42,99.63,25.13,2.27,0
2.59,99.54,25.99,3.1,0
4.18,99.51,25.9,1.1,1
7.27,99.29,26.01,0.55,1
10.27,99.32,26.28,0.31,2
3.54,99.37,26.96,1.06,0
1.38,99.34,26.74,0.58,0
6.06,99.24,27.0,0.67,1
2.65,99.23,27.72,0.63,0
0.71,99.34,27.05,0.89,0
62.99,99.24,26.96,0.89,5
14.66,99.22,26.64,1.36,3
9.42,99.28,25.38,0.86,2
9.84,99.21,26.02,0.09,2
34.74,99.05,26.38,0.18,4
26.15,99.07,24.92,3.31,4
17.45,99.25,25.7,2.0,3
6.99,99.43,25.9,1.84,1
30.89,99.49,24.82,1.28,4
9.6,99.48,24.41,1.35,2
3.67,99.5,24.63,2.47,0
7.1,99.35,25.02,2.92,1
0.62,99.37,24.08,3.04,0
0.0,99.44,23.43,2.36,0
0.1,99.6,23.14,1.41,0
0.19,99.74,23.13,0.99,0
0.01,99.81,22.65,0.52,0
0.2,99.86,24.21,0.34,0
0.01,99.88,24.02,0.14,0
3.05,99.95,24.18,0.83,0
0.02,99.94,23.79,0.95,0
0.44,99.95,22.16,1.57,0
0.05,100.03,21.29,1.17,0
0.0,100.29,21.48,0.68,0
7.62,100.37,22.57,0.4,1
1.03,100.27,22.76,0.52,0
0.0,100.18,23.29,0.73,0
0.0,100.11,22.9,1.97,0
0.0,100.04,21.8,1.9,0
0.0,99.88,22.28,1.66,0
0.0,99.71,24.27,0.64,0
0.0,99.71,22.95,0.72,0
0.0,99.97,20.24,0.78,0
0.0,100.19,21.94,0.43,0
0.0,100.25,22.48,0.18,0
0.0,100.15,23.41,0.81,0
0.0,100.05,22.39,0.48,0
0.0,100.14,20.73,0.26,0
0.0,100.18,20.04,0.69,0
0.0,100.17,20.03,0.87,0
0.0,100.19,19.12,0.65,0
0.0,100.32,20.67,0.98,0
0.0,100.48,19.17,1.41,0
0.0,100.61,19.97,0.57,0
0.0,100.57,20.27,0.36,0
0.0,100.46,22.39,0.05,0
0.0,100.43,21.58,1.29,0
0.0,100.44,21.64,1.22,0
0.0,100.5,20.59,1.9,0
0.0,100.48,21.88,1.45,0
0.0,100.43,21.68,0.3,0
0.0,100.38,18.22,2.69,0
0.0,100.28,17.3,1.37,0
0.0,100.26,16.94,1.39,0
0.0,100.39,16.58,1.1,0
0.0,100.5,16.84,0.34,0
0.0,100.46,17.19,0.28,0
0.0,100.39,17.19,2.04,0
0.0,100.4,16.95,2.61,0
0.0,100.35,17.25,3.37,0
0.0,100.25,15.87,3.47,0
0.0,100.27,15.38,3.16,0
0.0,100.28,15.02,2.26,0
0.0,100.29,15.89,1.8,0
0.0,100.39,15.74,1.83,0
0.0,100.44,16.16,0.19,0
0.0,100.32,16.16,0.54,0
0.0,100.36,18.01,0.51,0
0.0,100.47,18.53,0.37,0
0.0,100.44,19.4,0.62,0
0.0,100.44,17.72,0.33,0
0.0,100.56,17.56,1.95,0
0.0,100.46,17.0,0.57,0
0.0,100.51,16.85,0.41,0
0.0,100.66,15.76,0.6,0
0.0,100.64,14.82,0.5,0
0.0,100.53,15.96,0.86,0
0.0,100.53,14.85,0.79,0
0.0,100.58,14.73,1.42,0
0.0,100.54,14.54,0.31,0
0.0,100.45,14.93,0.75,0
0.0,100.46,15.92,0.56,0
0.0,100.47,16.68,0.86,0
0.0,100.57,16.07,1.75,0
0.0,100.57,14.31,1.44,0
0.0,100.5,13.79,0.35,0
0.0,100.47,15.26,0.62,0
0.0,100.37,16.03,0.59,0
0.0,100.57,15.03,3.22,0
0.0,100.54,11.38,1.25,0
0.0,100.53,12.13,0.76,0
0.0,100.56,13.29,1.85,0
0.0,100.56,15.36,0.6,0
0.0,100.59,16.89,1.27,0
0.0,100.65,16.69,2.14,0
0.0,100.56,16.85,0.37,0
0.0,100.49,16.06,1.56,0
0.0,100.35,14.74,1.59,0
0.0,100.22,16.23,0.93,0
0.0,100.36,16.39,0.38,0
0.0,100.38,13.54,1.67,0
0.06,100.3,13.35,1.9,0
0.03,100.58,15.63,0.5,0
0.0,100.79,15.33,0.37,0
0.0,100.98,14.69,3.77,0
0.0,100.94,14.38,0.8,0
0.0,100.98,15.35,3.2,0
0.0,100.87,14.26,4.03,0
0.0,100.6,12.97,0.9,0
0.0,100.56,12.25,1.2,0
0.0,100.61,11.48,2.19,0
0.0,100.57,11.79,0.28,0
0.0,100.58,12.36,1.69,0
0.0,100.63,11.52,2.29,0
0.0,100.54,11.36,0.59,0
0.0,100.4,11.56,2.0,0
0.0,100.22,13.04,1.2,0
0.0,100.38,10.34,2.12,0
0.0,100.47,9.63,4.12,0
0.0,100.43,9.77,4.32,0
0.0,100.42,8.49,2.33,0
0.0,100.68,7.08,3.66,0
0.0,100.74,7.07,0.86,0
0.0,100.62,8.39,0.81,0
0.0,100.49,7.17,2.41,0
0.0,100.64,6.42,1.82,0
0.0,100.83,6.55,2.44,0
0.0,100.86,7.24,1.81,0
0.0,100.82,10.0,1.04,0
0.0,100.74,10.56,2.41,0
0.0,100.76,11.88,0.04,0
0.0,100.75,14.37,1.61,0
0.0,100.55,14.92,1.5,0
0.0,100.45,14.35,0.66,0
0.0,100.53,15.27,0.33,0
0.04,100.59,15.79,0.98,0
2.55,100.56,14.0,1.72,0
0.0,100.86,10.46,1.44,0
0.0,101.1,8.33,2.11,0
0.0,101.04,7.75,3.41,0
0.0,101.05,6.86,2.53,0
0.0,100.99,8.29,2.36,0
0.0,100.94,8.23,1.5,0
0.0,100.93,8.91,3.27,0
0.0,100.99,9.35,3.36,0
0.0,100.97,9.0,3.1,0
0.0,100.86,10.22,1.38,0
0.0,100.71,11.35,1.11,0
0.0,100.63,12.72,0.22,0
0.0,100.55,14.06,1.95,0
0.0,100.59,17.04,2.4,0
0.0,100.58,13.74,0.34,0
0.0,100.55,16.41,1.72,0
0.01,100.33,16.77,1.08,0
1.04,100.28,17.05,1.38,0
0.05,100.53,13.99,2.7,0
0.0,100.98,8.24,2.17,0
0.0,100.89,8.9,3.97,0
0.0,100.8,9.11,3.61,0
0.0,100.61,8.65,1.42,0
0.0,100.44,11.71,0.79,0
0.0,100.42,12.1,0.56,0
0.0,100.45,14.21,0.97,0
0.0,100.38,15.01,1.65,0
0.0,100.23,16.79,2.0,0
0.65,100.02,15.97,2.1,0
0.8,100.04,13.31,2.44,0
0.0,100.34,12.78,0.43,0
0.0,100.48,12.58,0.66,0
0.0,100.49,16.27,1.44,0
0.0,100.58,15.64,2.03,0
0.0,100.43,15.75,2.93,0
0.0,100.53,16.36,0.98,0
3.37,100.67,17.24,2.75,0
0.0,100.88,13.54,2.94,0
0.0,100.69,12.59,1.27,0
0.0,100.51,14.62,3.23,0
0.0,100.7,13.59,2.32,0
0.0,100.85,12.22,2.5,0
0.0,100.87,12.59,3.68,0
0.0,100.85,13.11,1.97,0
0.0,100.72,14.36,0.4,0
0.0,100.59,15.87,0.58,0
0.0,100.56,16.56,0.96,0
0.0,100.61,17.19,1.18,0
0.0,100.59,18.12,1.21,0
0.0,100.51,19.68,0.21,0
0.0,100.31,19.65,0.22,0
0.0,100.1,18.01,2.81,0
0.0,100.24,17.95,0.39,0
0.0,100.25,19.82,0.82,0
0.0,100.27,18.34,0.68,0
0.0,100.37,18.94,1.48,0
0.0,100.57,19.13,2.11,0
0.0,100.55,19.8,2.81,0
0.0,100.59,18.89,2.58,0
0.0,100.3,18.44,0.27,0
0.0,100.11,20.07,0.56,0
0.0,100.28,20.69,2.7,0
0.0,100.26,18.32,1.38,0
0.0,99.95,22.45,1.29,0
0.0,99.97,19.24,2.81,0
0.03,100.31,19.25,2.42,0
0.0,100.31,18.2,3.1,0
0.0,100.02,20.47,0.46,0
0.02,100.05,20.66,0.85,0
0.04,100.2,18.76,1.97,0
0.01,100.25,18.55,3.2,0
0.0,100.21,19.3,2.03,0
0.0,100.1,22.17,0.24,0
0.0,100.03,19.38,0.9,0
0.0,100.04,20.09,2.56,0
0.13,100.15,19.8,1.41,0
0.1,100.14,21.96,1.4,0
0.0,100.02,23.25,0.99,0
0.0,99.85,22.13,1.88,0
0.0,99.86,21.2,2.39,0
0.0,99.98,20.51,2.17,0
0.24,99.98,22.95,2.19,0
0.03,100.08,21.98,2.03,0
0.0,100.07,22.65,1.31,0
0.0,100.06,25.13,0.39,0
0.0,100.07,24.83,1.72,0
0.0,100.04,23.45,1.62,0
0.0,99.88,23.72,2.61,0
0.0,99.7,22.64,3.02,0
0.0,99.6,23.25,2.75,0
0.24,99.63,24.2,2.45,0
2.14,99.74,23.0,1.99,0
7.54,99.72,23.05,0.39,1
0.06,99.85,23.21,1.58,0
5.23,100.07,24.33,0.94,1
0.02,100.17,24.34,0.28,0
0.0,100.13,26.05,1.91,0
0.0,100.07,25.73,2.98,0
0.0,100.02,24.69,2.68,0
0.0,99.98,25.31,2.87,0
0.0,99.8,25.38,2.53,0
0.0,99.78,25.76,2.18,0
0.02,99.82,26.72,1.63,0
0.0,99.72,25.93,2.96,0
0.0,99.51,23.47,2.61,0
0.0,99.38,23.17,3.17,0
0.0,99.36,25.61,4.19,0
0.0,99.56,24.95,2.67,0
0.0,99.64,25.2,1.16,0
0.0,99.67,26.85,2.67,0
0.0,99.77,24.58,1.98,0
0.0,99.75,24.34,2.43,0
0.0,99.67,23.43,2.97,0
0.08,99.42,25.7,3.69,0
0.31,99.52,25.62,3.33,0
0.04,99.59,25.78,1.68,0
0.0,99.51,26.55,2.12,0
0.0,99.41,27.1,2.84,0
0.0,99.39,26.9,3.07,0
0.0,99.53,26.77,4.77,0
0.0,99.55,26.03,3.05,0
0.0,99.52,26.77,3.72,0
0.0,99.5,26.18,3.25,0
0.0,99.58,25.89,3.33,0
0.0,99.59,25.63,3.43,0
0.0,99.47,26.11,4.14,0
0.0,99.46,27.06,5.58,0
0.0,99.52,28.12,6.89,0
0.0,99.52,28.45,6.13,0
0.0,99.56,28.36,3.97,0
0.0,99.6,28.03,4.47,0
0.0,99.57,27.42,4.01,0
0.47,99.4,28.65,2.8,0
0.04,99.29,28.84,3.16,0
0.0,99.26,28.92,2.72,0
0.0,99.28,29.82,1.47,0
0.0,99.25,30.93,1.66,0
3.5,99.42,30.28,3.45,0
0.04,99.53,30.82,2.56,0
0.13,99.28,30.49,5.35,0
1.04,99.19,30.36,4.44,0
0.86,99.12,30.04,3.94,0
0.6,99.1,29.94,3.68,0
7.51,99.03,29.07,3.7,1
0.9,99.05,27.65,3.75,0
7.55,98.85,28.26,1.57,1
3.55,98.85,27.75,1.34,0
6.3,98.84,28.39,0.43,1
3.24,98.75,28.12,0.62,0
16.29,98.6,28.7,0.63,3
14.05,98.69,27.82,2.05,3
10.56,98.92,26.81,0.65,2
0.37,99.18,26.95,2.03,0
0.03,99.33,26.76,3.33,0
0.0,99.24,27.12,4.24,0
0.0,99.21,27.31,4.35,0
0.0,99.13,27.34,3.93,0
0.0,99.02,27.37,3.65,0
0.4,99.15,27.64,4.38,0
0.06,99.3,28.15,4.46,0
0.03,99.17,26.96,5.57,0
0.0,99.14,27.29,5.38,0
0.01,99.22,27.35,5.03,0
0.0,99.27,27.07,4.33,0
0.01,99.12,27.96,3.8,0
0.17,99.01,28.5,4.68,0
6.35,99.0,27.84,1.83,1
29.19,98.89,27.31,3.73,4
11.08,98.95,26.43,2.32,2
4.44,99.21,26.71,3.73,1
1.8,99.34,27.25,2.48,0
1.37,99.16,26.8,2.05,0
0.96,99.04,26.78,4.16,0
3.52,98.97,26.1,4.18,0
2.78,99.03,26.65,0.96,0
16.58,99.11,27.38,0.66,3
22.34,99.08,26.72,2.84,4
1.91,99.22,25.57,4.17,0
0.03,99.28,25.83,4.07,0
0.56,99.16,26.05,2.33,0
4.8,99.17,26.43,3.35,1
0.93,99.08,26.61,3.9,0
0.7,98.91,26.23,4.78,0
0.34,99.03,26.39,2.11,0
0.32,98.97,26.12,2.24,0
7.13,98.87,26.94,1.76,1
2.9,98.94,26.64,0.04,0
10.74,98.81,27.25,1.96,2
44.76,98.83,26.85,2.71,5
9.93,98.8,26.24,3.73,2
11.42,99.06,25.89,3.97,2
14.42,99.24,25.99,3.77,3
3.47,99.24,25.5,4.91,0
0.65,99.13,24.9,3.92,0
0.1,99.04,24.88,3.0,0
8.08,98.99,25.49,1.67,2
18.95,98.82,26.08,0.96,3
9.08,99.11,25.2,1.99,2
2.83,99.4,23.85,2.14,0
0.02,99.45,24.7,3.02,0
0.86,99.47,25.23,2.7,0
0.26,99.54,25.28,2.44,0
1.23,99.54,25.49,3.11,0
1.51,99.45,25.24,4.1,0
4.4,99.36,25.22,3.53,1
2.62,99.44,25.37,1.94,0
2.06,99.42,25.7,1.38,0
5.04,99.14,25.78,2.69,1
37.18,99.15,25.55,3.27,4
7.99,99.28,24.56,3.86,1
2.44,99.42,25.46,1.9,0
1.16,99.38,24.53,2.81,0
0.04,99.4,24.4,3.11,0
0.0,99.46,24.02,3.14,0
0.0,99.37,23.9,2.73,0
0.0,99.32,24.58,3.12,0
0.0,99.46,24.22,1.81,0
0.9,99.47,24.11,2.19,0
1.33,99.4,24.74,1.86,0
0.01,99.37,24.62,3.25,0
0.0,99.43,24.98,3.33,0
0.0,99.48,24.3,3.71,0
0.1,99.66,24.04,2.67,0
0.03,99.8,24.28,2.56,0
0.32,99.77,24.58,1.99,0
0.02,99.76,24.5,2.27,0
0.18,99.82,24.15,2.26,0
0.0,99.88,24.08,2.51,0
0.0,99.79,23.58,2.47,0
0.0,99.77,23.43,2.77,0
0.0,99.73,23.36,3.09,0
2.14,99.82,23.14,2.53,0
2.93,99.9,24.07,2.05,0
0.49,99.97,23.28,1.94,0
0.0,100.08,23.65,0.3,0
0.0,99.89,24.07,0.87,0
0.01,99.81,24.05,0.15,0
0.0,99.94,25.62,0.84,0
0.74,99.95,27.27,0.82,0
0.15,99.73,26.96,0.3,0
0.02,99.43,26.38,1.84,0
0.0,99.44,25.5,1.62,0
0.0,99.48,25.21,0.34,0
0.0,99.45,27.39,0.49,0
0.0,99.39,26.33,1.61,0
0.0,99.32,24.6,1.18,0
0.22,99.28,23.5,0.94,0
9.14,99.26,27.06,0.6,2
15.6,99.24,26.26,0.93,3
28.63,99.28,25.52,0.88,4
19.93,99.37,26.0,0.5,3
39.37,99.56,25.43,2.83,4
10.43,99.77,24.67,3.48,2
24.88,99.72,24.23,3.59,4
2.34,99.48,24.38,2.64,0
13.03,99.46,23.72,2.66,2
10.8,99.64,24.23,1.25,2
0.47,99.88,24.62,1.63,0
0.01,99.8,24.94,1.36,0
0.02,99.7,25.23,0.33,0
0.07,99.68,23.89,1.33,0
0.05,99.81,22.8,1.39,0
0.06,100.06,23.47,1.06,0
8.79,100.14,23.71,0.43,2
4.31,100.09,24.88,1.1,1
0.32,100.13,24.0,1.55,0
0.0,100.1,23.62,0.13,0
0.0,99.91,23.03,0.29,0
0.0,99.9,23.34,0.78,0
0.0,100.02,23.26,0.66,0
0.0,100.19,22.02,1.67,0
0.0,100.25,21.32,1.6,0
0.0,100.33,20.6,1.12,0
0.0,100.35,22.05,0.55,0
0.0,100.35,20.33,0.31,0
0.0,100.29,20.33,1.51,0
0.0,100.13,18.63,0.93,0
0.0,100.25,19.88,0.35,0
0.0,100.37,18.2,1.89,0
0.0,100.31,17.71,2.68,0
0.0,100.19,18.24,2.83,0
0.0,100.2,19.29,1.79,0
0.0,100.27,17.7,0.31,0
0.0,100.33,18.42,0.75,0
0.0,100.41,17.11,0.86,0
0.0,100.54,17.06,1.78,0
0.0,100.57,17.91,0.63,0
0.0,100.55,18.99,0.78,0
0.0,100.54,19.33,0.73,0
0.0,100.59,20.53,0.55,0
0.0,100.75,18.67,0.18,0
0.0,100.68,18.57,0.87,0
0.0,100.56,18.74,1.41,0
0.0,100.48,18.11,0.06,0
0.0,100.54,16.93,2.32,0
0.0,100.66,14.76,3.08,0
0.0,100.74,16.02,2.35,0
0.0,100.53,14.44,1.35,0
0.0,100.41,14.14,0.62,0
0.0,100.42,15.38,0.34,0
0.0,100.51,15.28,0.57,0
0.0,100.65,15.15,1.35,0
0.0,100.77,12.9,2.18,0
0.0,100.79,12.82,2.86,0
0.0,100.81,13.23,2.5,0
0.0,100.74,13.48,0.58,0
0.0,100.49,13.51,0.4,0
0.0,100.26,13.65,0.33,0
0.0,100.43,15.08,0.2,0
0.0,100.51,14.69,0.47,0
0.0,100.54,14.7,1.1,0
0.0,100.49,16.13,0.21,0
0.0,100.4,14.94,0.91,0
0.0,100.48,15.55,0.72,0
0.0,100.65,16.28,0.16,0
0.0,100.76,15.53,2.46,0
0.0,100.74,14.62,1.62,0
0.0,100.69,13.92,0.4,0
0.0,100.63,16.95,0.59,0
0.0,100.61,15.29,1.53,0
0.0,100.7,12.47,2.22,0
0.0,100.64,13.49,0.79,0
0.0,100.52,12.87,0.44,0
0.0,100.49,12.35,1.33,0
0.0,100.47,14.23,0.67,0
0.0,100.37,14.66,0.83,0
0.0,100.36,12.09,1.03,0
0.0,100.53,14.07,1.04,0
0.0,100.64,14.32,1.53,0
0.0,100.63,12.93,0.21,0
0.0,100.54,14.45,0.49,0
0.0,100.58,13.62,0.3,0
0.0,100.68,14.02,0.49,0
0.0,100.59,16.15,0.15,0
0.0,100.45,15.49,0.57,0
0.0,100.44,14.05,1.42,0
0.0,100.66,10.24,2.44,0
0.0,100.64,8.93,1.72,0
0.0,100.85,9.47,2.64,0
0.0,101.08,9.06,3.66,0
0.0,101.11,10.11,2.18,0
0.0,101.07,11.03,3.03,0
0.0,100.88,11.7,3.12,0
0.0,100.8,9.13,3.36,0
0.0,100.85,6.0,3.1,0
0.0,100.74,8.48,0.05,0
0.0,100.64,8.93,2.08,0
0.0,100.97,5.62,3.46,0
0.0,101.03,5.88,2.92,0
0.0,100.98,9.66,1.72,0
0.0,100.84,11.73,0.99,0
0.0,100.69,11.44,1.78,0
0.0,100.62,7.99,2.02,0
0.0,100.69,7.42,2.45,0
0.0,100.67,8.57,0.76,0
0.0,100.58,9.87,3.11,0
0.0,100.7,8.71,3.09,0
0.0,100.74,7.01,2.68,0
0.0,101.0,6.54,3.35,0
0.0,101.08,7.86,2.44,0
0.0,100.92,8.28,0.47,0
0.0,100.74,10.33,1.84,0
0.0,100.91,7.88,3.1,0
0.0,100.86,8.89,2.34,0
0.0,100.7,9.81,1.82,0
0.0,100.94,7.4,1.98,0
0.0,101.16,9.5,2.91,0
0.0,100.9,10.13,0.85,0
0.79,100.84,14.19,0.02,0
1.77,100.89,11.7,0.71,0
0.0,100.97,10.78,2.15,0
0.0,100.9,10.7,3.01,0
0.0,100.88,10.62,1.84,0
0.0,100.9,11.48,0.6,0
0.0,100.92,11.59,1.19,0
0.0,100.82,12.78,0.42,0
0.0,100.75,12.97,0.96,0
0.0,100.82,12.84,1.2,0
0.0,100.79,13.16,0.47,0
0.0,100.71,12.93,1.49,0
0.0,100.61,15.2,1.28,0
0.0,100.46,18.05,0.46,0
0.0,100.33,15.3,0.62,0
0.0,100.23,16.53,0.31,0
0.0,100.18,17.37,0.22,0
0.0,100.23,15.03,2.08,0
0.0,100.28,11.74,0.63,0
0.0,100.4,9.24,2.64,0
0.0,100.27,10.08,2.22,0
0.0,100.3,10.69,0.74,0
0.0,100.16,9.8,0.29,0
0.0,100.07,11.38,0.98,0
0.0,100.23,12.47,1.0,0
0.0,100.21,13.49,0.92,0
0.0,100.53,10.2,1.68,0
0.0,100.93,11.04,1.74,0
0.0,100.82,10.95,1.26,0
0.0,100.53,13.66,0.21,0
0.0,100.34,14.2,0.43,0
0.0,100.36,16.06,1.45,0
0.0,100.61,12.69,2.77,0
0.0,100.81,12.43,3.19,0
0.0,100.74,13.86,0.59,0
0.0,100.59,16.07,0.58,0
0.0,100.38,14.98,1.01,0
0.0,100.29,15.32,0.36,0
0.0,100.31,15.01,0.94,0
0.0,100.57,12.85,2.14,0
0.0,100.7,14.45,0.28,0
0.0,100.63,14.55,0.63,0
0.0,100.64,15.67,0.13,0
0.0,100.58,16.01,0.42,0
0.0,100.56,16.73,3.5,0
0.0,100.6,16.5,2.26,0
0.0,100.64,17.64,2.08,0
0.0,100.47,18.68,0.16,0
0.0,100.29,21.4,0.77,0
0.0,100.37,17.36,1.09,0
0.0,100.63,17.92,3.0,0
0.0,100.64,16.4,2.72,0
0.0,100.51,17.11,2.31,0
0.0,100.51,18.87,1.51,0
0.0,100.61,19.48,1.93,0
0.0,100.57,18.28,1.98,0
0.0,100.61,16.03,0.62,0
0.0,100.5,17.73,0.91,0
0.0,100.24,19.2,1.95,0
0.0,100.05,16.24,2.56,0
0.0,99.94,18.95,2.13,0
0.0,99.99,20.94,1.41,0
0.0,100.18,20.96,1.85,0
0.0,100.19,20.27,1.0,0
0.0,100.14,22.37,0.48,0
0.0,100.14,23.12,0.48,0
0.0,100.24,22.78,2.0,0
0.0,100.3,22.21,2.62,0
0.0,100.19,21.21,1.83,0
0.0,100.04,22.98,0.67,0
0.0,99.97,20.85,3.21,0
0.0,99.93,21.04,2.9,0
0.0,100.16,21.25,0.65,0
0.0,100.19,22.58,0.89,0
0.0,100.13,21.74,1.09,0
0.0,100.11,21.52,2.58,0
0.0,100.19,23.45,2.97,0
0.0,100.28,20.67,2.45,0
0.0,100.27,19.94,1.8,0
0.0,100.28,22.98,0.41,0
0.0,100.18,20.06,1.7,0
0.0,100.07,20.46,2.56,0
0.0,100.03,20.65,2.46,0
0.0,100.13,21.58,1.27,0
0.0,100.15,23.17,0.69,0
0.0,99.98,23.87,2.0,0
0.0,99.78,24.46,3.5,0
0.02,100.07,24.31,2.59,0
0.24,100.15,25.4,0.37,0
0.31,100.07,25.15,0.17,0
4.13,100.13,25.81,0.71,1
0.27,100.31,25.57,0.52,0
0.0,100.22,24.43,2.71,0
0.0,99.98,24.43,2.24,0
0.0,99.97,24.67,2.33,0
0.0,99.92,25.4,1.87,0
0.0,99.93,27.5,1.73,0
0.0,99.89,28.37,2.14,0
0.0,99.78,27.25,2.53,0
0.0,99.84,26.34,2.83,0
0.0,99.79,25.15,2.64,0
0.0,99.67,25.03,2.84,0
0.0,99.65,25.09,1.9,0
0.01,99.65,24.9,2.08,0
0.0,99.74,27.0,0.83,0
0.04,99.84,27.87,1.03,0
0.04,99.75,28.05,2.64,0
0.0,99.65,27.59,3.48,0
0.0,99.5,26.49,3.26,0
0.0,99.48,26.2,4.25,0
0.51,99.78,25.99,3.58,0
0.28,99.9,26.25,4.74,0
0.35,99.92,25.79,5.23,0
5.21,99.96,25.02,3.53,1
8.82,99.91,24.71,1.37,2
1.8,99.81,25.74,2.7,0
5.46,100.02,24.86,1.61,1
0.16,100.08,24.88,1.46,0
0.0,100.02,24.77,2.19,0
0.0,99.88,25.24,1.9,0
0.0,99.73,26.18,2.72,0
0.0,99.57,27.19,3.83,0
0.0,99.5,25.73,4.04,0
0.0,99.57,26.34,3.19,0
0.0,99.64,27.88,1.96,0
0.0,99.69,27.75,0.2,0
0.0,99.64,29.0,0.95,0
0.0,99.6,28.99,3.47,0
0.0,99.62,27.83,3.64,0
0.0,99.55,26.96,4.63,0
0.0,99.51,26.7,4.36,0
0.5,99.57,27.55,2.45,0
0.0,99.66,28.66,1.95,0
6.15,99.47,28.29,1.15,1
0.0,99.31,28.59,2.01,0
0.0,99.23,29.06,3.5,0
0.0,99.2,28.84,3.28,0
0.0,99.15,27.11,3.57,0
0.0,98.98,27.28,4.49,0
0.0,99.07,27.33,2.95,0
0.0,99.18,27.81,2.65,0
0.0,99.17,30.95,4.09,0
0.0,99.25,29.24,6.26,0
0.0,99.29,29.28,5.83,0
0.0,99.27,28.91,5.6,0
0.01,99.21,29.43,5.88,0
0.93,99.15,29.74,4.09,0
0.5,99.13,29.7,5.83,0
0.01,98.97,29.24,5.37,0
0.0,98.89,29.75,4.84,0
0.0,98.93,28.9,6.04,0
0.0,99.05,29.23,7.56,0
0.0,99.24,29.09,7.59,0
0.14,99.28,28.66,7.84,0
0.04,99.19,28.37,7.98,0
0.0,99.25,28.35,7.24,0
0.0,99.54,28.35,6.29,0
0.0,99.76,28.17,5.63,0
0.0,99.66,27.68,5.59,0
0.0,99.5,27.59,6.31,0
0.0,99.42,28.07,7.32,0
0.0,99.51,28.29,7.62,0
0.0,99.57,28.21,6.24,0
0.0,99.36,27.99,6.4,0
0.0,99.29,28.12,5.86,0
0.0,99.38,27.93,3.91,0
0.0,99.5,28.27,3.49,0
0.0,99.48,28.6,6.04,0
0.0,99.35,27.97,5.36,0
0.0,99.26,28.22,3.44,0
0.01,99.28,28.63,3.45,0
0.0,99.25,28.66,2.83,0
0.87,99.14,28.78,3.44,0
0.29,99.17,29.74,3.03,0
0.3,99.16,30.57,3.64,0
1.3,98.96,29.8,3.79,0
6.09,98.94,29.46,1.78,1
9.44,98.95,28.48,0.95,2
41.45,98.93,27.08,2.02,5
7.63,99.05,26.28,4.36,1
0.04,99.21,25.66,4.75,0
0.0,99.22,25.56,4.71,0
0.11,99.19,25.77,4.29,0
15.11,99.05,26.55,4.29,3
25.55,99.01,26.48,5.23,4
8.76,99.31,25.68,4.69,2
31.48,99.58,25.68,3.06,4
3.62,99.61,26.09,3.03,0
1.49,99.28,25.98,3.91,0
57.12,99.19,26.28,2.68,5
32.41,99.2,25.6,1.28,4
5.33,99.17,26.58,0.77,1
3.61,99.06,26.53,0.31,0
2.7,98.99,26.19,1.39,0
3.04,99.03,26.44,3.88,0
1.73,99.1,25.22,3.68,0
3.39,99.16,25.15,2.58,0
4.1,99.24,25.38,1.79,1
9.48,99.19,25.14,2.68,2
7.45,99.26,25.01,3.16,1
0.33,99.48,24.64,2.72,0
1.39,99.58,25.18,2.82,0
0.76,99.51,25.33,3.09,0
0.8,99.48,25.25,3.48,0
1.66,99.52,24.65,4.56,0
0.47,99.45,24.63,5.18,0
0.29,99.37,24.42,5.34,0
0.5,99.49,24.39,4.91,0
0.38,99.72,24.29,2.02,0
0.03,99.96,24.43,1.83,0
0.0,100.06,24.44,1.84,0
0.0,99.88,23.61,2.39,0
0.0,99.65,23.94,2.26,0
0.0,99.65,24.35,2.08,0
1.28,99.77,24.72,0.88,0
1.84,99.83,25.93,0.15,0
0.26,99.86,25.02,2.18,0
0.04,99.77,24.73,3.14,0
0.14,99.64,23.93,2.79,0
3.24,99.68,24.74,1.46,0
3.74,99.57,25.24,0.11,0
9.25,99.43,25.78,1.1,2
6.75,99.21,26.32,0.47,1
14.75,99.04,26.16,1.07,3
8.98,99.09,26.26,0.64,2
34.57,99.14,26.46,1.4,4
19.57,99.06,25.44,0.7,3
0.53,99.36,24.61,4.25,0
0.0,99.57,23.52,2.54,0
2.07,99.73,22.92,1.28,0
22.78,99.59,24.3,1.04,4
5.43,99.53,24.53,2.95,1
3.91,99.63,23.7,1.65,0
2.83,99.78,24.01,1.29,0
0.64,99.88,24.38,1.95,0
0.03,99.84,23.53,2.16,0
0.07,99.85,23.0,1.84,0
0.01,99.88,23.0,1.5,0
0.0,99.79,22.88,1.98,0
0.0,99.76,22.66,2.16,0
0.0,99.89,22.1,2.05,0
0.0,99.95,22.13,2.06,0
0.0,99.86,21.66,2.19,0
0.0,99.91,21.62,1.6,0
0.0,100.02,22.21,2.01,0
0.0,100.06,22.25,2.24,0
0.0,100.08,21.37,2.27,0
0.0,100.14,22.21,1.63,0
0.0,100.28,22.63,1.33,0
0.0,100.34,22.06,1.52,0
0.0,100.35,22.82,1.5,0
0.98,100.29,23.39,1.57,0
0.83,100.26,23.16,1.65,0
0.08,100.37,23.65,0.58,0
0.0,100.35,23.86,0.88,0
0.0,100.21,22.87,1.91,0
0.0,100.27,22.86,1.67,0
0.07,100.37,22.46,1.33,0
0.01,100.38,22.92,0.06,0
0.0,100.11,23.33,0.52,0
0.0,100.1,23.86,0.61,0
0.03,100.16,23.07,0.9,0
0.03,100.07,22.64,0.32,0
0.0,100.0,22.62,0.26,0
0.0,99.94,21.66,1.22,0
0.0,99.91,19.41,0.43,0
0.0,100.06,19.63,0.46,0
0.0,100.42,20.33,0.32,0
0.0,100.43,20.02,1.53,0
0.0,100.41,20.32,0.44,0
0.0,100.35,19.93,1.58,0
0.0,100.33,19.99,0.13,0
0.0,100.4,21.12,0.36,0
0.0,100.53,21.35,1.22,0
0.0,100.6,21.23,2.22,0
0.0,100.45,21.56,0.42,0
0.0,100.31,21.76,0.37,0
0.0,100.28,21.58,0.55,0
0.0,100.49,20.4,1.35,0
0.0,100.51,21.11,0.96,0
0.0,100.46,19.68,1.46,0
0.0,100.46,21.42,0.23,0
0.07,100.47,23.62,0.52,0
0.11,100.45,22.16,2.02,0
0.0,100.51,22.22,2.64,0
0.0,100.58,21.55,0.47,0
0.0,100.56,21.02,1.18,0
0.0,100.46,19.65,1.39,0
0.0,100.51,19.22,0.33,0
0.0,100.42,19.22,0.81,0
0.0,100.46,18.35,0.54,0
0.0,100.58,19.34,0.64,0
0.0,100.66,19.37,2.4,0
0.0,100.57,18.74,1.72,0
0.0,100.46,19.09,2.96,0
0.0,100.48,18.84,1.88,0
0.78,100.58,20.29,1.63,0
0.27,100.67,21.87,2.65,0
0.0,100.54,20.27,0.78,0
0.25,100.46,20.07,0.27,0
0.04,100.54,21.0,0.81,0
0.09,100.66,19.47,0.24,0
0.0,100.66,19.2,0.21,0
0.0,100.57,19.74,0.27,0
0.0,100.49,18.48,1.29,0
0.0,100.4,18.04,1.48,0
0.0,100.47,18.25,0.11,0
0.0,100.56,16.08,0.69,0
0.0,100.56,16.79,0.42,0
0.0,100.34,16.24,1.0,0
0.0,100.29,16.07,1.53,0
0.0,100.39,16.96,1.51,0
0.0,100.47,18.08,0.25,0
0.0,100.54,19.02,0.09,0
0.0,100.61,17.54,1.13,0
0.0,100.62,16.42,1.04,0
0.0,100.63,16.53,0.62,0
0.0,100.65,16.35,0.83,0
0.0,100.74,16.34,1.46,0
0.0,100.76,16.12,1.03,0
0.0,100.64,17.5,0.39,0
0.0,100.57,17.13,0.88,0
0.0,100.66,13.96,2.43,0
0.0,100.66,13.16,3.37,0
0.0,100.54,11.93,1.14,0
0.8,100.39,12.55,0.75,0
0.0,100.5,13.01,0.82,0
0.0,100.79,11.23,2.52,0
0.0,101.01,8.52,2.67,0
0.0,101.12,9.93,2.43,0
0.0,101.1,9.25,1.88,0
0.0,101.06,10.29,1.3,0
0.0,101.1,11.18,1.57,0
0.0,100.94,12.93,2.44,0
0.0,100.68,9.66,0.8,0
0.0,100.52,9.9,2.1,0
0.0,100.66,11.16,1.86,0
0.0,100.92,10.12,2.66,0
0.0,101.0,10.34,2.61,0
0.0,100.91,10.99,3.32,0
0.0,100.8,10.09,1.09,0
0.0,100.82,9.73,1.67,0
0.0,100.6,9.18,1.3,0
0.0,100.31,8.53,1.03,0
0.0,100.35,8.63,3.53,0
0.17,100.51,12.75,4.35,0
0.03,100.69,13.2,2.29,0
0.0,100.78,12.42,0.62,0
0.0,100.92,12.83,2.06,0
0.0,100.91,11.54,1.33,0
0.0,100.75,12.29,1.19,0
0.0,100.66,13.04,0.25,0
0.0,100.79,12.34,0.87,0
0.0,100.9,11.6,1.08,0
0.0,100.95,12.55,0.99,0
0.0,100.95,12.31,1.43,0
0.0,100.82,13.7,0.94,0
0.0,100.6,13.79,1.3,0
0.0,100.61,14.29,2.0,0
0.0,100.92,10.73,3.63,0
0.0,100.94,9.1,3.67,0
0.0,100.96,8.24,1.86,0
0.0,100.87,8.41,0.57,0
0.0,100.69,8.99,0.55,0
0.0,100.6,12.3,0.45,0
3.79,100.84,15.11,0.88,0
0.15,100.95,14.33,0.86,0
0.0,100.98,11.51,2.13,0
0.0,100.99,9.67,1.59,0
0.0,100.94,10.19,2.22,0
0.0,100.97,8.5,2.96,0
0.0,100.95,8.19,3.24,0
0.0,100.86,8.02,3.13,0
0.0,100.93,7.22,2.35,0
0.0,101.1,9.07,2.3,0
0.0,100.86,9.93,1.92,0
0.0,100.58,11.58,1.34,0
0.0,100.57,14.04,1.21,0
0.0,101.05,14.03,2.5,0
0.0,101.17,12.78,2.17,0
0.0,100.94,11.35,1.69,0
0.0,100.75,12.01,2.01,0
0.0,100.61,12.94,1.06,0
0.0,100.69,12.76,2.13,0
0.0,100.82,11.71,1.89,0
0.0,100.91,13.5,2.04,0
0.0,100.79,13.72,3.41,0
0.0,100.73,12.48,2.92,0
0.0,100.56,14.13,2.42,0
0.0,100.38,15.06,0.32,0
0.0,100.33,16.06,1.17,0
0.0,100.39,15.41,1.93,0
0.0,100.36,16.01,1.94,0
0.0,100.25,17.55,1.24,0
0.0,100.22,16.87,0.97,0
0.0,100.43,16.79,0.64,0
0.0,100.54,18.61,2.14,0
0.0,100.51,18.91,1.66,0
0.0,100.41,19.79,0.16,0
0.0,100.2,19.87,1.7,0
0.0,100.23,16.33,1.6,0
0.0,100.17,12.63,0.53,0
0.0,100.26,11.3,0.4,0
0.01,100.06,14.6,2.01,0
8.54,99.9,14.3,1.02,2
0.2,100.36,13.16,0.68,0
0.0,100.56,13.17,1.26,0
0.0,100.51,13.86,0.79,0
0.0,100.53,15.33,0.91,0
0.07,100.66,17.61,0.67,0
0.0,100.48,17.26,1.48,0
0.0,100.56,17.65,0.14,0
0.0,100.97,14.47,3.82,0
0.0,100.94,12.24,3.17,0
0.0,100.66,14.64,0.64,0
0.0,100.57,17.71,0.93,0
0.6,100.4,19.18,1.68,0
2.56,100.4,20.51,1.56,0
0.0,100.42,16.99,2.25,0
0.0,100.63,15.62,0.37,0
0.0,100.79,17.9,3.13,0
0.0,100.56,16.09,2.97,0
0.0,100.47,17.48,0.16,0
0.0,100.48,20.75,1.0,0
0.0,100.47,23.79,0.19,0
0.0,100.42,22.61,2.42,0
0.0,100.2,23.09,1.34,0
0.0,100.13,22.4,2.08,0
0.0,100.16,22.75,0.67,0
0.0,100.23,25.62,0.84,0
0.0,100.21,26.75,0.11,0
0.0,100.04,25.3,0.05,0
0.0,99.92,26.1,2.78,0
0.0,100.01,20.8,2.4,0
0.0,100.06,19.49,1.36,0
0.0,99.95,21.19,2.3,0
0.0,99.81,22.27,2.95,0
0.01,99.78,21.96,3.59,0
1.7,99.65,23.01,2.87,0
0.01,99.75,22.73,1.15,0
0.23,99.78,22.98,0.86,0
1.33,99.86,24.66,0.62,0
0.0,100.09,25.03,1.86,0
0.0,100.08,24.09,2.08,0
0.0,99.93,24.47,0.47,0
0.4,99.89,23.9,2.08,0
8.72,100.21,23.88,1.52,2
0.56,100.27,22.57,1.7,0
0.0,100.2,22.86,2.71,0
0.0,100.2,23.53,2.47,0
0.0,100.36,25.02,1.47,0
0.0,100.1,25.55,2.09,0
0.0,99.67,25.94,3.14,0
0.0,99.66,24.61,2.92,0
0.0,99.88,23.81,3.15,0
0.0,99.87,26.96,3.0,0
0.0,99.76,23.77,3.13,0
0.0,99.77,22.81,2.78,0
0.0,99.85,23.71,2.64,0
0.0,99.74,23.97,2.59,0
0.0,99.8,24.33,3.77,0
0.0,99.88,24.21,3.42,0
0.0,99.85,24.43,2.6,0
0.0,99.74,23.66,2.34,0
0.0,99.76,24.73,3.01,0
0.0,99.82,25.11,1.66,0
0.0,99.79,24.8,0.98,0
0.0,99.81,24.99,2.97,0
0.0,99.89,25.47,2.48,0
0.0,99.82,25.17,2.46,0
0.0,99.77,24.98,2.95,0
0.0,99.9,25.82,2.9,0
0.0,99.82,27.37,3.79,0
0.01,99.67,25.91,2.73,0
0.57,99.7,26.37,2.6,0
0.22,99.73,26.68,2.75,0
4.43,99.75,28.5,0.36,1
1.51,99.74,28.0,0.94,0
5.44,99.92,27.62,0.92,1
0.03,99.91,26.92,0.8,0
0.0,99.61,26.08,2.76,0
0.0,99.43,25.52,3.87,0
0.0,99.47,25.24,3.97,0
0.0,99.57,26.51,4.11,0
0.0,99.66,27.84,3.34,0
0.0,99.6,28.21,3.48,0
0.0,99.53,26.77,4.63,0
0.0,99.41,27.59,5.25,0
0.0,99.44,27.93,5.78,0
0.0,99.5,27.58,5.72,0
0.0,99.6,27.72,5.91,0
0.0,99.65,28.19,4.67,0
0.0,99.53,27.4,3.88,0
0.0,99.66,27.62,1.2,0
0.0,99.71,27.52,3.71,0
0.0,99.45,27.56,3.22,0
0.0,99.22,26.99,3.91,0
1.43,99.47,27.75,4.5,0
15.62,99.62,27.73,0.48,3
3.76,99.74,25.31,2.6,0
0.0,99.72,26.42,1.53,0
0.0,99.55,27.22,2.23,0
0.0,99.38,26.81,2.94,0
0.03,99.46,28.96,2.63,0
0.99,99.61,30.6,3.43,0
0.81,99.59,28.37,4.23,0
3.78,99.6,28.68,2.26,0
3.57,99.44,28.57,3.84,0
1.3,99.3,28.01,4.53,0
0.79,99.23,28.08,4.91,0
0.22,99.27,28.16,4.61,0
1.35,99.3,28.11,1.77,0
1.63,99.17,29.32,1.7,0
0.48,99.14,29.96,2.01,0
0.42,99.06,29.11,0.49,0
1.03,98.87,29.4,1.83,0
1.35,98.83,30.05,1.52,0
1.01,98.79,29.35,3.25,0
3.95,98.7,28.25,4.43,0
46.35,98.75,27.71,2.83,5
5.78,98.9,27.52,4.02,1
1.42,98.99,26.21,3.82,0
0.0,99.14,26.49,5.0,0
0.0,99.46,26.71,3.08,0
0.0,99.65,26.35,3.47,0
0.0,99.59,26.25,3.36,0
0.0,99.62,26.1,5.1,0
0.0,99.7,25.87,4.14,0
0.0,99.65,26.1,5.05,0
0.0,99.53,26.51,6.08,0
0.0,99.3,26.88,6.79,0
0.0,99.11,26.89,6.9,0
0.0,99.05,27.29,5.96,0
1.83,99.29,26.77,4.28,0
1.06,99.35,26.77,5.53,0
0.0,99.03,26.74,5.55,0
0.02,99.13,27.11,2.36,0
15.26,99.35,27.25,2.06,3
7.81,99.52,26.55,1.22,1
0.0,99.42,26.84,3.57,0
0.0,99.11,26.04,4.94,0
0.0,98.82,26.4,5.75,0
0.0,98.93,26.63,4.63,0
0.49,99.11,27.0,3.91,0
3.6,99.13,27.04,3.67,0
1.44,99.15,26.87,2.92,0
7.73,99.25,27.33,1.25,1
10.98,99.3,27.3,0.02,2
4.84,99.27,27.39,0.67,1
1.17,99.36,27.36,1.71,0
27.45,99.31,26.31,3.58,4
53.57,99.15,25.43,3.54,5
50.11,98.91,25.44,4.11,5
71.56,98.83,25.28,6.1,5
29.06,99.16,25.09,7.12,4
4.28,99.39,24.54,6.24,1
0.2,99.43,24.68,6.21,0
0.0,99.63,24.71,5.52,0
0.0,99.77,24.66,4.55,0
0.0,99.72,24.09,3.33,0
0.0,99.59,24.11,3.08,0
0.0,99.37,24.24,3.46,0
0.02,99.32,24.15,3.7,0
0.05,99.4,24.48,2.21,0
0.0,99.5,24.55,2.02,0
0.0,99.34,24.97,1.63,0
5.59,99.36,24.79,1.76,1
8.68,99.59,25.75,1.38,2
8.42,99.64,25.48,2.02,2
5.39,99.58,25.33,1.87,1
3.97,99.57,25.41,1.69,0
8.84,99.65,25.13,1.88,2
4.41,99.78,25.33,2.35,1
2.16,99.66,25.15,2.62,0
2.93,99.78,25.34,2.81,0
0.58,99.88,25.22,3.72,0
0.04,99.74,24.4,4.09,0
0.05,99.67,24.14,4.7,0
0.0,99.61,24.25,4.36,0
0.0,99.61,24.52,4.52,0
0.0,99.72,24.17,3.53,0
0.0,99.73,24.02,2.45,0
0.0,99.66,23.97,2.68,0
0.0,99.62,23.53,2.03,0
0.0,99.71,24.22,1.56,0
0.0,99.67,24.49,2.19,0
0.02,99.66,24.35,2.62,0
0.03,99.73,24.02,2.34,0
0.01,99.7,23.13,2.21,0
0.0,99.71,22.68,2.15,0
0.07,99.91,22.04,1.76,0
0.04,100.21,23.07,1.27,0
0.0,100.23,23.47,0.83,0
0.0,100.15,22.7,1.43,0
0.0,100.05,22.57,1.42,0
0.0,100.03,23.22,0.87,0
0.0,100.04,23.65,0.69,0
0.0,100.08,24.18,0.16,0
0.0,99.98,25.45,0.67,0
0.5,99.89,26.23,0.45,0
0.19,99.93,25.83,1.41,0
0.0,99.81,25.81,2.22,0
0.0,99.72,24.76,1.96,0
0.01,99.68,24.67,1.38,0
0.0,99.6,24.84,1.73,0
15.95,99.45,25.4,2.46,3
11.48,99.25,25.73,3.1,2
21.92,99.02,25.98,3.86,4
10.07,99.11,25.63,0.61,2
0.81,99.52,24.13,2.11,0
0.0,99.96,23.51,2.89,0
0.0,100.01,20.7,1.63,0
0.0,99.88,20.18,2.49,0
0.0,99.93,20.79,2.37,0
0.0,100.06,21.32,1.0,0
0.0,100.13,21.33,0.06,0
0.0,100.19,21.78,0.38,0
0.0,100.33,23.55,2.63,0
0.0,100.35,21.64,2.42,0
0.0,100.32,21.06,0.55,0
0.0,100.18,23.65,1.14,0
0.0,100.21,21.77,1.73,0
0.0,100.23,21.74,0.53,0
0.0,100.12,23.34,0.4,0
0.0,100.14,23.34,1.53,0
0.0,100.11,23.04,1.58,0
0.0,99.92,22.75,0.42,0
0.0,99.92,19.45,2.03,0
0.0,100.16,20.98,0.79,0
0.0,100.33,22.51,0.16,0
0.0,100.35,23.07,0.44,0
0.0,100.45,23.97,0.4,0
0.0,100.45,25.67,0.49,0
0.0,100.44,24.38,0.28,0
0.0,100.44,23.69,0.13,0
0.0,100.46,24.92,0.73,0
0.0,100.4,23.83,0.43,0
0.0,100.27,25.65,0.17,0
0.0,100.25,23.74,0.66,0
0.0,100.37,22.72,1.85,0
0.0,100.38,20.04,1.56,0
0.0,100.25,22.41,0.21,0
0.0,100.3,21.9,0.89,0
0.0,100.5,21.32,0.41,0
0.0,100.57,19.14,2.8,0
0.0,100.59,17.72,3.15,0
0.0,100.63,15.86,3.22,0
0.0,100.6,17.43,3.02,0
0.0,100.55,17.71,2.93,0
0.0,100.51,18.66,1.41,0
0.0,100.5,19.95,0.3,0
0.0,100.5,20.78,1.6,0
0.0,100.39,21.27,0.74,0
0.0,100.36,21.67,0.62,0
0.0,100.36,20.6,1.06,0
0.0,100.49,17.93,1.44,0
0.0,100.59,16.95,1.05,0
0.0,100.51,17.45,0.07,0
0.0,100.44,17.81,2.19,0
0.0,100.51,18.07,0.59,0
0.0,100.64,18.99,0.4,0
0.0,100.67,19.5,1.23,0
0.0,100.4,20.39,1.0,0
0.0,100.34,20.48,1.12,0
0.0,100.45,18.59,3.18,0
0.0,100.47,16.88,3.19,0
0.0,100.62,15.93,1.63,0
0.0,100.71,16.37,1.55,0
0.0,100.57,15.89,1.47,0
0.0,100.43,16.05,0.46,0
0.0,100.41,18.14,0.77,0
0.0,100.48,19.69,0.31,0
0.0,100.52,19.34,1.57,0
0.0,100.57,21.18,0.27,0
0.0,100.57,19.09,2.3,0
0.0,100.48,14.11,2.98,0
0.0,100.61,14.11,2.96,0
0.0,100.76,13.92,1.91,0
0.0,100.73,15.69,0.49,0
0.0,100.64,15.26,2.39,0
0.0,100.7,14.91,3.27,0
0.0,100.81,14.17,2.48,0
0.0,100.66,14.01,0.14,0
0.0,100.64,14.38,0.64,0
0.0,100.63,15.44,0.23,0
0.0,100.69,16.17,0.51,0
0.0,100.64,14.63,0.61,0
0.0,100.51,16.36,1.18,0
0.0,100.45,15.93,1.15,0
0.0,100.46,11.09,2.33,0
0.0,100.5,9.4,1.79,0
0.0,100.59,8.85,2.62,0
0.0,100.77,8.84,2.77,0
0.0,100.68,8.75,1.69,0
0.0,100.58,9.63,1.23,0
0.0,100.69,11.77,2.19,0
0.0,100.9,9.09,2.45,0
0.0,100.85,9.31,0.68,0
0.0,100.82,10.68,2.08,0
0.0,100.83,9.29,1.17,0
0.0,101.02,9.18,1.05,0
0.0,101.15,10.26,1.51,0
0.0,101.26,8.65,3.6,0
0.0,101.2,8.62,1.02,0
0.0,101.17,10.58,1.1,0
0.0,101.18,13.36,1.35,0
0.0,101.19,14.91,0.47,0
0.0,100.95,16.4,0.92,0
0.0,100.72,16.38,1.26,0
0.0,100.87,15.14,0.92,0
0.0,101.07,13.83,2.14,0
0.0,101.13,13.6,1.95,0
0.0,100.95,13.9,0.73,0
0.0,100.91,14.58,1.33,0
0.0,100.82,17.1,0.79,0
0.0,100.76,16.11,0.95,0
0.0,100.89,16.12,0.47,0
0.0,101.0,14.12,2.67,0
0.0,100.8,12.34,0.24,0
0.0,100.8,13.56,0.81,0
0.0,100.82,14.6,0.14,0
0.0,100.63,15.67,0.65,0
0.0,100.6,14.1,1.97,0
0.0,100.63,12.95,2.69,0
0.0,100.6,11.17,1.91,0
0.0,100.49,10.83,0.77,0
0.0,100.43,11.92,0.94,0
0.0,100.39,12.07,1.51,0
0.0,100.52,10.29,3.02,0
0.0,100.9,9.17,3.07,0
0.0,101.06,8.94,0.82,0
0.0,100.95,10.09,0.67,0
0.0,100.99,9.68,0.84,0
0.0,100.9,10.25,1.68,0
0.0,100.71,10.18,1.68,0
0.0,100.58,13.71,0.81,0
0.0,100.63,14.75,0.29,0
0.0,100.67,14.43,1.84,0
0.0,100.74,16.78,1.03,0
0.0,100.74,14.29,0.91,0
0.0,100.67,16.4,0.76,0
0.0,100.77,15.0,2.49,0
0.0,100.84,12.4,2.87,0
0.0,100.86,11.58,2.18,0
0.0,100.76,11.12,0.83,0
0.0,100.53,11.57,0.3,0
0.0,100.27,13.62,1.65,0
0.0,100.63,11.68,2.19,0
0.0,100.71,11.81,2.01,0
0.0,100.54,12.35,0.65,0
0.0,100.37,14.65,0.52,0
0.0,100.32,13.09,1.58,0
0.0,100.36,13.03,1.02,0
0.0,100.59,12.6,1.42,0
0.0,100.71,11.1,2.54,0
0.0,100.73,10.67,1.93,0
0.0,100.67,12.27,2.32,0
0.0,100.57,18.2,2.19,0
0.0,100.41,20.15,0.98,0
0.0,100.53,20.17,0.56,0
0.0,100.76,18.92,2.16,0
0.0,100.73,16.82,2.82,0
0.0,100.71,15.74,2.46,0
0.0,100.55,15.88,1.75,0
0.0,100.32,15.95,0.26,0
0.0,100.42,17.51,0.37,0
0.0,100.63,17.32,1.46,0
0.0,100.73,16.73,2.59,0
0.0,100.76,16.95,1.18,0
0.0,100.68,17.81,1.14,0
0.0,100.43,18.71,0.47,0
0.0,100.33,20.64,1.01,0
0.21,100.49,21.33,0.76,0
0.0,100.41,21.47,0.95,0
0.0,100.28,19.57,2.28,0
0.0,100.34,19.12,0.67,0
0.0,100.49,19.77,2.61,0
0.0,100.36,18.69,2.42,0
0.0,100.31,20.07,0.38,0
0.0,100.43,20.24,0.32,0
0.0,100.41,21.26,1.04,0
0.0,100.23,19.75,1.98,0
0.08,100.29,17.93,1.64,0
0.01,100.45,18.78,2.33,0
0.0,100.43,18.42,1.78,0
0.0,100.28,20.09,1.89,0
0.0,100.19,21.13,2.02,0
0.0,100.18,21.95,2.14,0
0.0,100.16,20.92,2.48,0
0.0,100.23,20.28,2.54,0
0.0,100.28,19.78,2.15,0
0.0,100.25,20.29,3.28,0
0.0,100.18,20.46,0.78,0
0.0,100.28,20.53,1.08,0
0.0,100.34,25.33,1.68,0
0.0,100.45,23.62,2.78,0
0.0,100.41,20.97,2.53,0
0.0,100.35,19.73,1.41,0
0.0,100.34,22.41,0.5,0
0.0,100.33,20.5,1.57,0
0.0,100.17,22.29,1.94,0
0.0,99.98,23.56,2.33,0
0.0,100.08,23.66,1.77,0
0.0,100.21,24.04,2.51,0
0.0,100.11,23.57,2.8,0
0.0,100.02,21.0,2.47,0
0.0,100.1,22.9,2.61,0
0.0,100.15,21.81,1.54,0
0.0,100.12,21.23,2.46,0
0.0,100.18,22.15,1.43,0
0.0,100.29,24.83,2.85,0
0.0,100.27,23.86,1.45,0
0.0,100.1,24.12,1.33,0
0.0,99.91,23.21,1.69,0
0.0,99.86,23.3,2.69,0
0.0,99.92,22.29,2.11,0
0.0,99.84,25.6,2.68,0
0.0,99.77,24.96,4.63,0
0.0,99.95,22.68,2.55,0
0.0,99.98,23.38,2.1,0
0.0,100.13,23.39,1.26,0
0.0,99.93,22.34,1.85,0
0.0,99.72,21.58,2.78,0
0.0,99.61,22.49,2.77,0
0.0,99.61,22.64,2.18,0
0.0,99.72,22.67,2.47,0
0.0,99.98,24.08,2.18,0
0.0,99.94,24.26,2.34,0
0.0,99.79,24.46,1.69,0
0.0,99.76,25.2,1.97,0
0.0,99.81,25.15,2.46,0
0.0,99.73,25.88,3.18,0
0.0,99.69,26.7,3.94,0
0.0,99.73,25.29,2.95,0
0.0,99.77,25.03,2.91,0
0.11,99.88,24.95,2.05,0
0.03,99.83,26.57,1.66,0
0.03,99.8,26.61,1.63,0
0.0,99.87,26.36,2.8,0
0.0,99.82,26.48,3.6,0
0.0,99.83,26.91,3.31,0
0.0,99.8,27.13,2.33,0
0.04,99.62,26.72,3.19,0
0.0,99.57,26.82,3.32,0
0.0,99.7,26.61,3.11,0
0.0,99.72,26.91,2.77,0
0.0,99.52,28.25,2.53,0
0.0,99.32,28.88,1.8,0
0.0,99.16,29.06,2.86,0
0.0,99.06,28.62,3.19,0
0.0,99.07,27.87,4.21,0
0.0,99.23,27.73,5.69,0
0.0,99.41,28.58,7.13,0
0.0,99.47,28.25,6.88,0
0.0,99.5,28.01,6.41,0
0.0,99.42,27.98,6.83,0
0.0,99.48,27.58,6.34,0
0.0,99.66,28.62,6.09,0
0.0,99.61,28.76,5.93,0
0.0,99.47,28.77,6.83,0
0.02,99.42,28.39,6.08,0
0.0,99.65,27.83,4.97,0
0.0,99.71,27.48,2.78,0
0.0,99.65,27.93,2.76,0
0.0,99.65,27.21,2.47,0
0.0,99.65,28.05,2.16,0
0.0,99.53,28.94,2.95,0
0.0,99.42,28.19,3.08,0
0.0,99.39,28.55,3.27,0
0.0,99.3,27.93,4.05,0
0.0,99.22,28.36,5.04,0
0.0,99.32,28.32,5.85,0
0.0,99.37,28.66,6.4,0
0.0,99.39,29.3,4.8,0
0.0,99.43,29.27,6.58,0
0.0,99.31,28.99,7.2,0
0.0,99.13,28.68,7.61,0
0.0,99.13,28.88,6.19,0
0.0,99.29,27.47,4.45,0
0.0,99.41,27.44,3.77,0
0.0,99.3,27.78,2.31,0
0.01,99.16,29.66,3.5,0
2.68,99.16,28.89,1.82,0
4.31,99.33,29.96,1.1,1
3.81,99.44,29.52,1.76,0
0.38,99.27,29.4,1.95,0
0.09,99.3,29.84,3.25,0
0.38,99.28,29.32,4.33,0
0.3,99.18,28.7,2.59,0
1.7,99.2,29.55,1.97,0
2.54,99.29,28.3,0.36,0
0.04,99.19,27.78,2.28,0
0.18,98.97,29.59,4.66,0
1.68,98.87,29.98,3.58,0
4.52,99.02,29.78,4.32,1
7.83,99.1,28.64,3.85,1
1.88,99.1,27.46,3.9,0
0.0,99.11,28.39,4.84,0
0.05,99.22,28.17,5.46,0
0.07,99.13,28.41,5.28,0
0.08,99.02,28.53,4.79,0
0.24,99.01,28.62,4.42,0
4.03,99.02,28.65,4.03,1
14.41,99.17,26.68,3.32,3
5.95,99.19,26.33,2.64,1
1.17,99.15,26.27,2.97,0
1.28,99.26,27.1,3.51,0
2.01,99.32,27.14,3.39,0
1.88,99.5,26.39,4.17,0
3.19,99.54,25.98,4.43,0
2.32,99.53,25.64,4.36,0
0.4,99.5,25.63,3.75,0
0.0,99.4,25.85,4.04,0
0.0,99.26,26.43,4.01,0
0.04,99.29,26.54,2.78,0
0.86,99.41,28.08,0.21,0
22.02,99.46,27.67,0.66,4
3.83,99.5,26.82,2.19,0
18.43,99.56,26.26,1.47,3
10.84,99.56,25.64,1.87,2
11.0,99.46,25.6,3.27,2
12.12,99.37,25.38,2.11,2
4.58,99.4,25.63,1.79,1
0.52,99.21,25.84,3.57,0
0.55,98.98,26.18,1.91,0
16.71,99.0,26.11,1.62,3
7.09,99.07,25.55,2.92,1
10.63,99.03,26.44,1.61,2
6.79,98.97,26.2,0.67,1
6.64,99.17,26.46,0.05,1
8.0,99.35,25.28,1.61,2
28.81,99.27,25.97,1.97,4
37.94,99.29,25.37,3.42,4
2.81,99.52,25.09,3.46,0
0.17,99.6,24.63,2.15,0
0.02,99.53,24.45,2.58,0
0.06,99.45,24.28,3.27,0
0.0,99.4,23.9,2.83,0
0.0,99.28,24.37,4.01,0
0.0,99.22,24.5,2.88,0
0.0,99.37,24.19,1.44,0
0.18,99.41,24.38,1.69,0
0.9,99.3,24.83,1.99,0
9.06,99.27,24.9,2.78,2
5.31,99.41,24.95,0.72,1
39.19,99.41,24.91,0.73,4
11.87,99.38,25.21,0.19,2
10.1,99.49,25.37,0.3,2
3.07,99.54,25.36,0.71,0
7.33,99.62,26.29,1.09,1
12.25,99.63,25.43,0.07,2
3.91,99.51,25.75,0.79,0
16.82,99.42,26.19,1.11,3
7.6,99.48,25.1,1.63,1
5.19,99.59,24.18,1.69,1
0.74,99.62,23.25,2.16,0
0.01,99.62,22.12,2.6,0
0.0,99.75,22.37,2.34,0
0.0,99.83,22.45,2.46,0
0.0,99.87,22.91,3.01,0
0.0,99.85,22.57,2.22,0
0.0,99.94,22.1,1.62,0
0.0,100.04,22.56,1.66,0
0.0,99.96,22.4,2.3,0
0.0,99.84,21.8,1.96,0
0.0,99.82,22.41,1.34,0
0.0,99.93,23.17,0.78,0
0.0,99.93,23.86,0.94,0
0.55,99.78,24.61,1.34,0
0.03,99.68,25.04,1.41,0
0.01,99.57,24.64,1.51,0
5.02,99.63,25.63,0.58,1
0.46,99.73,24.83,2.76,0
0.0,99.7,24.12,2.55,0
0.56,99.82,23.77,1.66,0
0.01,99.92,24.21,0.23,0
0.0,99.74,23.96,0.94,0
0.0,99.59,24.31,1.76,0
0.0,99.69,23.35,0.99,0
0.0,99.88,23.15,1.13,0
0.0,99.97,22.83,2.16,0
0.0,99.89,22.01,2.37,0
0.0,99.82,21.28,1.16,0
0.0,99.86,22.28,0.11,0
3.11,99.88,23.45,0.49,0
4.62,99.96,24.05,0.17,1
2.83,99.83,26.07,0.66,0
15.2,99.77,25.74,0.9,3
13.91,99.77,24.65,0.34,3
6.46,99.86,23.86,0.79,1
0.01,99.96,23.46,0.96,0
0.0,99.98,23.29,0.91,0
0.0,99.94,23.55,1.74,0
0.0,99.93,21.91,1.55,0
0.0,100.03,20.53,1.29,0
0.0,100.05,19.0,0.3,0
0.0,100.18,19.38,1.1,0
0.0,100.23,19.75,0.67,0
0.0,100.28,21.01,0.88,0
0.0,100.34,23.42,0.04,0
0.0,100.32,22.89,0.11,0
0.0,100.21,21.25,0.65,0
0.0,100.15,18.64,0.74,0
0.0,100.05,18.26,2.02,0
0.0,100.12,19.79,1.13,0
0.0,100.27,19.93,0.86,0
0.0,100.29,19.59,1.32,0
0.0,100.23,19.21,2.04,0
0.0,100.21,19.48,0.73,0
0.0,100.37,19.27,0.93,0
0.0,100.6,20.56,1.21,0
0.0,100.42,19.77,0.92,0
0.0,100.32,19.42,0.57,0
0.0,100.48,18.32,0.98,0
0.0,100.72,17.98,1.54,0
0.0,100.68,17.82,1.64,0
0.0,100.61,16.73,1.79,0
0.0,100.66,16.5,2.15,0
0.0,100.47,16.37,1.62,0
0.0,100.27,17.29,0.58,0
0.0,100.37,16.45,1.21,0
0.0,100.56,16.89,1.44,0
0.0,100.62,16.71,0.22,0
0.0,100.7,16.14,0.08,0
0.0,100.58,16.49,0.56,0
0.0,100.49,16.54,1.14,0
0.0,100.58,16.82,0.71,0
0.0,100.78,15.92,2.94,0
0.0,100.77,13.72,2.57,0
0.0,100.7,12.75,2.29,0
0.0,100.72,13.74,1.1,0
0.0,100.78,14.46,2.05,0
0.0,100.64,14.88,0.31,0
0.0,100.41,14.73,0.13,0
0.0,100.4,14.79,0.26,0
0.0,100.47,15.21,0.78,0
0.0,100.47,17.0,0.23,0
0.0,100.44,15.21,0.82,0
0.0,100.54,14.84,1.33,0
0.0,100.56,15.05,1.83,0
0.0,100.57,15.0,1.77,0
0.0,100.6,15.21,0.84,0
0.0,100.54,15.5,0.83,0
0.0,100.56,14.66,0.76,0
0.0,100.62,16.72,0.58,0
0.0,100.62,17.95,0.85,0
0.0,100.78,14.72,2.9,0
0.0,100.89,15.17,2.39,0
0.0,100.94,14.99,2.39,0
0.0,100.83,13.56,1.1,0
0.0,100.78,13.92,1.41,0
0.0,100.73,14.8,0.65,0
0.0,100.64,14.31,0.31,0
0.0,100.47,14.38,0.89,0
0.0,100.43,15.34,1.29,0
0.0,100.43,18.0,0.24,0
0.0,100.46,17.93,0.33,0
0.0,100.53,16.76,1.35,0
0.0,100.66,14.44,0.58,0
0.0,100.69,13.91,0.78,0
0.0,100.81,14.31,0.47,0
0.0,100.83,15.32,1.19,0
0.0,100.79,16.12,0.36,0
0.0,100.86,13.85,0.53,0
0.0,100.77,13.51,2.04,0
0.0,100.83,13.48,0.71,0
0.0,100.75,14.03,0.92,0
0.0,100.55,14.51,0.78,0
0.0,100.31,16.87,0.2,0
0.0,100.59,12.33,3.24,0
0.0,100.86,11.36,2.96,0
0.0,100.77,11.72,1.19,0
0.0,100.7,12.75,0.48,0
0.0,100.68,14.84,0.67,0
0.0,100.64,14.38,0.18,0
0.0,100.54,15.26,0.29,0
0.0,100.63,13.36,2.08,0
0.0,100.85,12.57,2.04,0
0.0,100.85,12.15,0.9,0
0.0,100.68,13.18,1.62,0
0.0,100.56,14.25,1.16,0
0.0,100.4,16.34,0.27,0
0.03,100.23,14.68,1.53,0
0.0,100.4,9.15,2.8,0
0.0,100.56,10.12,4.04,0
0.0,100.78,8.35,3.13,0
0.0,100.78,7.18,2.07,0
0.0,100.65,7.1,0.41,0
0.0,100.63,7.68,0.49,0
0.0,100.59,9.93,0.49,0
0.0,100.71,12.05,1.01,0
0.0,100.82,10.35,2.66,0
0.0,100.86,9.33,3.0,0
0.0,100.98,9.69,1.46,0
0.0,101.1,9.91,4.01,0
0.0,101.07,12.0,0.25,0
0.0,100.97,13.8,1.26,0
0.0,101.02,14.23,0.42,0
0.0,100.89,14.12,0.28,0
0.0,100.7,15.39,2.17,0
0.0,100.75,15.26,1.88,0
0.73,100.88,14.15,3.12,0
0.0,101.02,10.13,2.51,0
0.0,100.96,10.62,1.6,0
0.0,100.83,11.22,1.21,0
0.0,100.67,13.42,0.87,0
0.0,100.59,13.19,0.45,0
0.0,100.64,12.87,2.19,0
0.0,100.75,13.24,0.45,0
0.0,100.61,13.64,0.26,0
0.0,100.4,13.49,2.51,0
0.0,100.63,10.77,2.17,0
0.0,100.83,8.87,2.35,0
0.0,100.71,9.09,0.77,0
0.0,100.67,10.76,0.73,0
0.0,100.76,11.13,3.42,0
0.0,100.59,10.36,1.17,0
0.0,100.52,10.37,1.97,0
0.0,100.82,12.39,2.01,0
0.0,101.04,13.53,3.71,0
0.0,101.09,15.24,0.32,0
0.0,101.0,16.82,0.85,0
0.0,100.86,20.26,0.46,0
0.0,100.75,20.21,0.62,0
0.0,100.81,19.21,1.3,0
0.0,100.64,20.03,0.46,0
0.0,100.19,16.82,2.54,0
0.0,100.08,14.81,0.23,0
0.0,100.31,14.01,1.13,0
0.0,100.62,14.79,0.68,0
0.0,100.78,13.91,1.82,0
0.0,100.73,16.54,1.14,0
0.0,100.43,17.74,1.52,0
0.0,100.39,17.76,0.51,0
0.0,100.5,17.9,1.25,0
0.0,100.43,19.15,1.88,0
0.0,100.28,17.9,2.67,0
0.0,100.12,16.01,3.42,0
0.0,100.09,16.22,2.51,0
0.0,100.19,16.26,2.0,0
0.0,100.11,17.17,1.51,0
0.0,99.95,18.3,0.44,0
0.01,99.99,19.67,1.77,0
0.0,99.88,18.84,0.66,0
0.0,99.83,18.94,3.52,0
0.0,100.23,13.77,0.06,0
0.0,100.54,11.76,1.6,0
0.0,100.52,14.6,0.93,0
0.0,100.51,16.35,2.07,0
0.0,100.43,18.75,1.19,0
0.0,100.3,18.34,1.69,0
0.0,100.22,19.03,1.78,0
0.35,100.16,19.71,2.9,0
0.42,100.34,19.94,2.79,0
0.0,100.4,20.33,1.21,0
0.0,100.39,20.93,0.71,0
0.0,100.33,21.6,0.72,0
0.0,100.29,19.7,1.38,0
0.0,100.24,21.43,1.08,0
0.0,100.24,21.56,1.88,0
0.0,100.32,22.18,2.25,0
0.0,100.26,24.45,1.04,0
0.0,100.25,23.6,3.0,0
0.0,100.14,21.2,2.62,0
0.0,100.12,21.32,2.09,0
0.0,100.21,20.96,1.89,0
0.0,100.08,20.26,1.81,0
0.0,99.92,21.62,2.0,0
0.0,99.88,21.87,2.82,0
0.0,99.9,22.87,2.47,0
0.0,99.73,23.67,3.91,0
0.0,99.75,22.83,3.18,0
0.0,100.11,18.0,1.91,0
0.0,100.26,17.96,1.45,0
0.0,100.3,18.76,3.55,0
0.0,100.19,20.43,2.84,0
0.0,100.11,24.79,0.44,0
0.0,100.03,23.57,1.37,0
0.0,99.96,22.09,2.56,0
0.0,99.8,22.42,2.85,0
0.0,99.72,22.21,2.54,0
0.0,99.76,23.82,2.33,0
0.0,99.92,23.4,2.58,0
0.0,99.88,22.88,2.76,0
0.0,99.65,23.26,3.1,0
0.0,99.52,23.17,3.13,0
0.0,99.59,22.92,3.39,0
0.0,99.74,23.63,3.31,0
0.0,99.83,23.98,3.44,0
0.0,99.9,22.94,2.54,0
0.0,99.98,23.41,2.54,0
0.0,99.98,21.37,2.59,0
0.0,100.05,21.48,2.06,0
0.0,99.97,22.46,2.4,0
0.02,99.94,24.27,2.54,0
0.0,99.84,24.04,2.25,0
0.0,99.91,24.74,1.7,0
0.0,100.0,24.62,2.33,0
0.0,99.96,24.94,2.23,0
0.0,99.97,26.89,1.79,0
0.0,99.93,28.66,1.27,0
0.0,99.97,26.25,2.3,0
0.0,99.98,26.49,2.76,0
0.0,99.91,26.13,2.41,0
0.0,99.71,25.94,2.64,0
0.0,99.73,26.92,3.01,0
0.01,99.86,26.1,1.59,0
0.0,99.88,27.73,1.85,0
0.0,99.8,28.3,3.13,0
0.01,99.66,27.93,3.52,0
0.0,99.55,26.04,2.88,0
0.0,99.45,27.02,3.18,0
0.06,99.48,26.9,4.2,0
0.15,99.6,26.29,3.13,0
0.0,99.69,26.73,3.84,0
0.0,99.61,25.52,4.06,0
2.57,99.51,26.62,3.72,0
1.82,99.71,26.96,1.43,0
0.0,99.7,27.17,1.86,0
0.0,99.54,28.35,2.98,0
0.01,99.42,28.98,2.04,0
0.31,99.35,27.58,2.83,0
0.0,99.25,27.3,4.29,0
0.0,99.21,28.02,4.95,0
0.0,99.06,28.68,4.36,0
0.0,99.04,29.06,2.43,0
0.0,99.01,29.26,4.8,0
0.9,99.3,28.66,0.31,0
0.61,99.36,31.23,0.99,0
0.78,99.44,32.39,2.62,0
0.32,99.5,30.8,5.74,0
0.0,99.52,29.9,5.56,0
0.0,99.56,29.1,5.57,0
0.0,99.67,29.89,5.0,0
0.3,99.6,29.52,3.72,0
7.38,99.46,29.74,3.72,1
9.6,99.42,28.25,1.98,2
0.07,99.27,28.31,0.7,0
0.02,99.21,27.86,3.16,0
0.0,99.29,27.39,4.11,0
0.0,99.49,27.67,4.5,0
0.0,99.52,26.92,4.3,0
0.0,99.38,26.72,4.75,0
0.0,99.41,27.88,4.85,0
0.0,99.38,28.24,4.72,0
0.0,99.21,28.71,5.49,0
1.54,99.18,28.87,5.49,0
1.17,99.18,28.66,5.5,0
0.9,99.3,28.93,4.49,0
2.33,99.3,28.47,1.92,0
1.13,99.06,29.23,2.28,0
1.65,98.94,29.62,0.52,0
2.49,99.07,30.1,1.12,0
12.11,99.06,29.48,2.04,2
9.52,98.92,28.0,1.97,2
14.72,98.71,27.52,1.18,3
8.17,98.79,27.39,1.57,2
45.93,98.94,26.22,3.59,5
22.24,99.0,26.65,5.24,4
7.02,99.22,26.42,3.95,1
0.5,99.21,26.0,4.88,0
0.04,99.28,25.82,5.53,0
0.16,99.35,25.97,5.05,0
1.41,99.47,25.81,3.64,0
0.43,99.55,25.62,2.53,0
0.24,99.47,25.54,2.99,0
0.38,99.53,25.7,3.87,0
1.18,99.44,25.67,5.21,0
1.08,99.4,25.7,3.84,0
8.49,99.36,26.0,1.9,2
79.62,99.25,25.82,4.77,5
27.38,99.15,25.84,2.11,4
5.2,99.11,25.86,0.19,1
8.06,99.22,25.94,2.84,2
19.97,99.17,26.05,0.59,3
4.71,99.07,25.87,0.62,1
17.13,98.96,25.65,0.48,3
25.86,99.0,26.54,0.36,4
60.78,99.06,25.89,3.78,5
51.73,99.05,25.38,5.42,5
167.92,99.01,25.18,5.6,5
16.3,98.98,25.23,5.09,3
24.5,99.09,25.45,4.68,4
26.4,99.31,25.36,5.12,4
7.88,99.46,24.85,3.12,1
19.38,99.51,24.61,2.98,3
1.86,99.53,24.65,3.15,0
1.35,99.5,24.65,2.9,0
2.45,99.55,25.0,3.07,0
1.89,99.54,24.61,4.28,0
0.65,99.36,24.15,4.61,0
0.0,99.17,24.49,3.89,0
0.0,99.27,23.91,2.65,0
0.0,99.42,23.79,1.84,0
0.52,99.52,24.44,1.78,0
2.85,99.59,24.74,2.01,0
0.28,99.52,24.64,2.63,0
2.27,99.47,24.64,2.69,0
1.95,99.49,24.65,3.97,0
2.52,99.48,24.45,5.14,0
1.39,99.55,24.18,5.13,0
0.3,99.78,23.88,3.31,0
0.09,99.83,23.29,2.43,0
0.01,99.67,23.26,2.82,0
0.0,99.48,23.38,2.44,0
0.0,99.43,23.03,1.63,0
3.61,99.53,23.65,0.91,0
8.31,99.4,24.54,0.91,2
8.85,99.14,25.26,1.11,2
16.91,99.19,26.53,1.09,3
0.98,99.55,25.53,2.7,0
1.34,99.63,24.63,2.51,0
0.4,99.44,24.21,1.9,0
2.09,99.29,24.97,1.52,0
9.67,99.24,24.78,0.14,2
6.65,99.13,25.29,0.93,1
17.78,98.95,25.7,1.58,3
11.68,98.91,25.8,2.24,2
9.57,99.34,24.46,4.65,2
4.84,99.6,24.38,3.05,1
8.63,99.61,23.53,3.83,2
2.48,99.72,24.2,2.64,0
0.3,99.94,23.03,2.17,0
0.0,99.95,22.68,2.46,0
0.0,99.87,21.8,1.94,0
0.0,99.94,22.45,1.34,0
0.0,99.95,22.59,0.33,0
1.92,99.81,23.49,0.98,0
0.3,99.81,23.44,1.32,0
0.04,99.94,23.36,0.91,0
0.67,99.98,23.8,0.96,0
0.36,99.94,24.44,1.02,0
0.75,99.85,24.11,0.1,0
12.23,99.77,24.27,1.02,2
1.58,99.75,25.09,0.49,0
1.1,99.73,23.61,0.24,0
0.03,99.73,24.41,0.32,0
0.0,99.64,24.71,1.54,0
0.0,99.52,23.93,1.26,0
0.0,99.56,24.69,2.45,0
0.0,99.73,23.35,2.23,0
0.0,99.98,22.53,2.37,0
0.0,100.11,21.73,1.78,0
0.0,99.98,21.35,1.77,0
0.0,99.98,21.42,1.38,0
0.0,100.04,21.25,1.28,0
0.0,99.96,21.42,1.22,0
0.0,99.93,21.1,1.24,0
0.0,100.07,20.91,0.41,0
0.0,100.06,21.82,1.41,0
0.0,99.94,20.74,0.62,0
0.0,100.02,21.45,0.95,0
0.0,100.12,21.56,0.89,0
0.0,100.02,21.72,1.18,0
0.0,99.97,21.64,1.61,0
0.0,99.92,21.31,1.55,0
0.0,99.81,22.52,0.28,0
0.0,99.76,21.45,0.33,0
0.0,99.74,21.13,0.29,0
0.0,99.77,22.49,1.14,0
0.0,99.87,24.26,0.58,0
0.0,99.76,22.96,1.61,0
0.0,99.76,22.48,0.58,0
0.0,99.84,21.29,1.22,0
0.0,99.93,19.23,0.99,0
0.0,100.01,18.83,0.13,0
0.0,100.02,19.63,0.38,0
0.0,99.98,21.25,0.73,0
0.0,99.98,18.83,0.23,0
0.0,99.96,18.53,1.41,0
0.0,100.0,18.13,2.16,0
0.0,100.16,18.53,1.59,0
0.0,100.41,19.63,0.51,0
0.0,100.53,19.08,0.47,0
0.0,100.5,20.67,0.92,0
0.0,100.46,19.4,0.63,0
0.0,100.49,21.78,0.19,0
0.0,100.58,21.61,0.26,0
0.0,100.61,19.33,1.45,0
0.0,100.46,18.18,0.37,0
0.0,100.53,18.86,0.24,0
0.0,100.51,20.17,0.2,0
0.0,100.44,19.96,0.23,0
0.0,100.52,17.18,2.44,0
0.0,100.56,16.99,1.78,0
0.0,100.54,16.78,1.2,0
0.0,100.48,17.8,0.43,0
0.0,100.49,18.17,0.09,0
0.0,100.41,19.97,0.14,0
0.0,100.45,17.78,0.53,0
0.0,100.54,18.17,0.54,0
0.0,100.36,16.88,0.71,0
0.0,100.16,16.83,0.7,0
0.0,100.11,17.18,0.97,0
0.0,100.3,17.2,0.36,0
0.0,100.43,14.03,3.28,0
0.0,100.51,15.29,3.06,0
0.0,100.56,13.98,2.85,0
0.0,100.67,14.55,2.34,0
0.0,100.75,13.99,1.46,0
0.0,100.62,13.6,1.42,0
0.0,100.5,13.24,0.4,0
0.0,100.47,12.73,0.77,0
0.0,100.61,13.44,0.95,0
0.0,100.66,14.55,0.53,0
0.0,100.75,14.87,0.74,0
0.0,100.58,13.71,0.17,0
0.0,100.44,14.38,0.68,0
0.0,100.59,14.08,0.96,0
0.0,100.59,13.46,1.21,0
0.0,100.5,14.28,0.73,0
0.0,100.55,15.2,1.28,0
0.0,100.54,15.6,1.36,0
0.02,100.43,16.5,0.89,0
1.0,100.43,16.07,1.77,0
4.12,100.49,13.67,2.37,1
0.0,100.56,13.61,2.5,0
0.0,100.56,15.12,0.57,0
0.0,100.46,17.39,0.85,0
0.55,100.43,20.05,2.09,0
0.36,100.51,16.29,2.15,0
0.0,100.66,12.25,0.44,0
0.0,100.73,11.88,1.43,0
0.0,100.86,11.34,1.7,0
0.0,100.95,9.25,2.03,0
0.0,101.09,11.8,3.9,0
0.0,101.12,12.44,1.64,0
0.0,101.15,12.8,1.48,0
0.0,101.11,14.45,1.12,0
0.0,101.12,14.98,0.57,0
0.0,101.11,14.34,2.65,0
0.0,100.96,15.26,2.53,0
0.0,100.72,14.28,1.52,0
0.0,100.65,12.3,1.43,0
0.0,100.85,12.35,3.02,0
0.0,100.84,12.2,0.1,0
0.0,100.7,11.89,0.84,0
0.0,100.61,12.7,1.07,0
0.0,100.67,11.96,1.71,0
0.0,100.72,10.8,3.01,0
0.0,100.61,11.03,1.08,0
0.0,100.43,10.06,2.66,0
0.0,100.44,10.05,1.59,0
0.0,100.52,9.5,0.33,0
0.0,100.54,11.72,0.66,0
0.0,100.48,15.12,0.19,0
0.0,100.49,12.0,2.77,0
0.0,100.65,10.21,1.37,0
0.0,100.67,10.22,0.54,0
0.0,100.82,11.52,0.24,0
0.0,100.86,13.5,0.53,0
0.0,100.81,14.12,1.46,0
0.0,100.69,15.5,1.51,0
0.0,100.64,19.14,0.95,0
0.0,100.61,17.18,1.26,0
0.0,100.67,15.43,0.47,0
0.0,100.43,16.01,0.71,0
0.0,100.46,13.74,1.61,0
0.0,100.6,14.17,1.93,0
0.0,100.7,12.63,1.62,0
0.0,100.65,12.35,0.7,0
0.0,100.46,12.4,0.9,0
0.0,100.26,13.95,0.91,0
0.0,100.32,11.49,2.62,0
0.0,100.5,11.05,0.77,0
0.0,100.46,10.53,0.66,0
0.0,100.44,11.76,0.66,0
0.0,100.38,10.93,0.96,0
0.0,100.44,11.43,0.72,0
0.0,100.64,12.56,0.21,0
0.0,100.73,14.11,0.38,0
0.0,100.65,15.36,0.63,0
0.0,100.59,18.01,0.72,0
0.0,100.44,14.6,2.0,0
0.0,100.52,14.44,2.32,0
0.0,100.51,13.58,1.3,0
0.0,100.65,15.42,0.84,0
0.0,100.7,18.4,1.19,0
0.0,100.56,15.66,2.06,0
0.0,100.41,14.06,2.34,0
0.0,100.41,13.11,1.26,0
0.0,100.39,14.19,1.69,0
0.0,100.41,14.7,2.21,0
0.0,100.74,13.52,1.3,0
0.0,101.12,15.33,2.7,0
0.0,101.23,14.37,2.19,0
0.0,101.13,14.07,0.98,0
0.0,100.94,15.63,0.3,0
0.0,100.55,17.84,0.85,0
0.0,100.31,19.27,0.33,0
0.0,100.35,18.17,1.25,0
0.0,100.38,20.22,0.04,0
0.0,100.28,18.8,0.7,0
0.0,100.19,18.05,0.18,0
0.0,100.18,19.42,0.46,0
0.0,100.4,16.81,1.53,0
0.0,100.61,18.46,2.93,0
0.0,100.51,18.31,1.1,0
0.0,100.39,19.08,1.59,0
0.0,100.29,22.02,1.19,0
0.0,100.21,23.5,0.3,0
0.0,100.19,19.71,1.84,0
0.0,100.12,18.76,2.36,0
0.0,100.11,18.69,2.32,0
0.0,100.34,18.01,1.94,0
0.0,100.44,19.2,2.23,0
0.0,100.25,18.59,0.72,0
0.0,100.2,19.42,1.67,0
0.0,100.3,19.23,0.93,0
0.0,100.34,18.77,0.88,0
0.0,100.31,18.87,1.15,0
0.0,100.33,18.2,1.03,0
0.0,100.26,16.88,1.99,0
0.0,100.13,16.95,2.94,0
0.0,100.15,19.23,1.18,0
0.0,100.11,18.99,0.88,0
0.0,100.17,20.18,0.39,0
0.0,100.22,20.36,0.31,0
0.0,100.38,20.9,2.24,0
0.0,100.33,19.77,2.56,0
0.0,100.2,19.03,2.38,0
0.0,100.21,18.12,1.79,0
0.0,100.25,18.85,0.73,0
0.0,100.47,20.23,1.95,0
0.0,100.54,21.71,0.62,0
0.0,100.46,21.59,0.72,0
0.0,100.11,22.09,0.28,0
0.0,100.05,20.51,1.71,0
0.0,100.07,21.41,2.11,0
0.0,99.89,22.1,2.22,0
0.0,99.83,20.35,1.53,0
0.0,99.9,19.69,2.11,0
0.0,100.02,21.74,1.08,0
0.0,100.02,21.04,1.85,0
0.0,99.85,21.97,2.33,0
0.0,99.67,23.36,1.82,0
0.0,99.74,22.86,1.67,0
0.0,99.92,22.92,2.01,0
0.0,99.91,23.79,1.14,0
0.0,99.97,24.29,1.53,0
0.0,99.86,24.86,0.6,0
0.07,99.81,25.33,0.55,0
0.06,99.81,25.41,0.92,0
0.0,99.82,26.15,0.39,0
0.0,99.82,24.78,2.31,0
0.0,99.84,25.03,2.5,0
0.0,100.04,27.83,1.66,0
0.0,100.16,25.14,2.32,0
0.0,100.09,25.26,0.92,0
0.0,99.76,25.17,2.82,0
0.0,99.74,25.01,3.57,0
0.0,99.98,22.33,1.94,0
0.0,100.06,21.54,1.26,0
0.0,100.08,21.59,0.92,0
0.0,100.01,22.54,1.82,0
0.0,99.85,22.41,2.93,0
0.0,99.74,24.33,2.76,0
0.0,99.82,24.72,2.17,0
0.0,99.83,25.23,2.7,0
0.0,99.68,24.96,3.6,0
0.0,99.49,26.38,4.36,0
0.0,99.64,25.58,3.65,0
0.0,99.65,24.76,3.69,0
0.0,99.66,23.98,2.94,0
0.0,99.71,25.54,1.08,0
0.0,99.75,27.55,2.48,0
0.0,99.85,25.58,2.68,0
0.0,99.82,24.2,2.77,0
0.0,99.76,24.7,2.67,0
0.0,99.83,26.8,2.71,0
0.0,99.92,27.95,2.21,0
0.0,99.79,28.5,3.05,0
0.0,99.75,25.84,2.45,0
0.0,99.72,27.36,2.69,0
0.0,99.74,27.44,2.24,0
0.0,99.62,28.19,2.62,0
0.0,99.53,27.54,2.41,0
0.0,99.47,27.85,2.71,0
0.0,99.41,27.32,2.34,0
0.0,99.43,26.75,2.27,0
0.0,99.5,28.26,1.95,0
0.0,99.57,27.49,2.24,0
0.0,99.59,26.75,2.0,0
0.0,99.51,26.59,2.07,0
0.0,99.45,27.04,2.88,0
0.0,99.5,26.81,1.7,0
0.0,99.37,28.13,1.89,0
0.0,99.31,28.01,2.5,0
0.0,99.14,28.98,2.42,0
0.0,99.08,28.31,5.3,0
0.0,99.13,28.29,3.47,0
0.01,99.31,28.23,2.14,0
0.0,99.44,28.51,2.6,0
0.0,99.48,28.74,3.86,0
0.0,99.37,27.57,3.88,0
0.0,99.26,27.68,4.28,0
0.0,99.37,28.08,3.29,0
0.0,99.49,29.69,4.44,0
0.0,99.22,28.74,6.46,0
0.0,98.98,29.61,6.66,0
0.0,98.79,29.72,4.98,0
0.32,98.85,29.89,5.42,0
0.26,98.97,29.89,6.48,0
0.0,98.93,29.55,7.23,0
0.0,98.99,29.52,8.86,0
0.0,99.14,28.9,9.32,0
0.0,99.21,28.29,8.31,0
0.0,99.33,28.38,7.7,0
0.0,99.27,28.39,6.62,0
0.0,99.24,29.31,4.36,0
0.0,99.24,29.34,3.41,0
0.0,99.28,28.02,3.88,0
0.0,99.27,28.62,2.92,0
0.02,99.2,28.83,4.01,0
0.2,99.19,29.89,4.04,0
5.65,99.2,29.48,2.91,1
1.5,99.02,29.2,4.28,0
5.48,98.85,28.18,5.19,1
4.07,98.9,28.65,0.48,1
8.6,99.02,29.3,1.39,2
30.62,99.09,27.95,0.63,4
1.36,99.29,26.27,2.01,0
0.0,99.34,27.11,2.94,0
1.21,99.15,28.06,5.12,0
3.89,99.07,27.55,5.04,0
3.26,99.07,27.13,5.8,0
2.41,99.24,26.96,3.91,0
0.31,99.32,27.15,2.28,0
0.0,99.24,27.06,1.22,0
0.06,99.14,27.58,2.97,0
0.07,99.05,27.85,3.36,0
1.73,99.11,28.29,1.21,0
1.36,99.03,28.04,2.85,0
0.55,98.99,28.04,4.47,0
1.34,98.97,27.88,1.41,0
11.38,98.93,27.93,1.16,2
22.04,98.87,27.35,1.6,4
4.11,98.86,26.6,1.99,1
2.47,98.87,27.34,0.85,0
1.85,99.01,27.76,0.46,0
21.7,99.1,27.41,2.44,4
29.54,99.06,26.65,2.39,4
15.76,99.14,25.97,3.78,3
0.03,99.11,25.74,3.72,0
0.18,99.06,25.82,4.33,0
0.75,99.25,26.15,3.57,0
1.58,99.25,25.85,4.27,0
0.07,99.24,25.56,5.48,0
0.36,99.14,25.45,4.7,0
0.25,99.23,25.36,4.95,0
0.0,99.28,25.36,4.57,0
0.0,99.28,25.18,3.04,0
0.0,99.27,25.13,3.8,0
0.0,99.29,25.41,5.14,0
0.0,99.45,25.6,4.79,0
0.0,99.54,25.31,4.67,0
0.0,99.46,25.22,4.39,0
0.0,99.4,25.35,5.17,0
0.0,99.23,25.43,4.92,0
0.0,99.13,25.36,3.85,0
3.6,99.23,25.64,2.46,0
2.58,99.47,25.67,1.28,0
0.69,99.59,25.87,3.48,0
0.54,99.37,25.61,5.02,0
0.58,98.98,25.5,5.26,0
0.31,98.94,25.91,4.14,0
0.67,99.14,25.98,3.56,0
0.28,99.25,26.1,2.17,0
2.09,99.31,25.84,0.29,0
23.56,99.09,26.71,1.82,4
7.26,99.12,25.29,2.06,1
9.65,99.26,24.79,2.03,2
3.15,99.36,25.0,1.82,0
6.38,99.39,25.18,3.56,1
6.63,99.43,24.95,3.03,1
0.5,99.49,25.0,3.85,0
0.66,99.47,24.72,4.53,0
1.7,99.4,24.42,4.01,0
2.33,99.32,24.02,3.72,0
1.18,99.45,23.54,1.98,0
7.0,99.5,23.99,1.69,1
2.91,99.65,24.34,3.05,0
0.3,99.56,24.41,3.03,0
0.34,99.6,24.24,3.55,0
0.38,99.68,23.93,3.07,0
0.17,99.66,24.6,3.12,0
0.5,99.67,23.68,3.03,0
0.06,99.79,22.9,2.99,0
0.0,99.76,22.45,2.9,0
0.0,99.7,21.6,2.16,0
0.43,99.74,22.23,2.3,0
1.19,99.73,23.79,1.79,0
2.38,99.84,23.9,3.29,0
0.27,100.09,23.83,3.05,0
0.24,100.15,24.16,3.82,0
0.14,99.93,23.78,3.73,0
0.0,99.81,23.2,4.01,0
0.0,99.92,22.7,2.44,0
0.0,100.08,22.81,2.07,0
0.0,100.02,23.03,1.1,0
0.31,99.92,23.79,1.05,0
0.03,99.94,23.46,1.45,0
0.0,99.93,24.03,1.75,0
0.0,99.82,23.58,0.38,0
0.0,99.71,23.79,1.53,0
8.23,99.66,24.52,1.4,2
7.97,99.89,25.3,1.01,1
2.39,100.03,24.25,2.29,0
0.0,100.08,23.26,1.95,0
0.0,100.02,21.64,1.85,0
0.0,100.07,22.12,0.96,0
0.0,100.12,22.45,0.38,0
0.0,100.18,22.38,0.56,0
0.0,100.15,22.8,0.82,0
0.0,100.12,22.99,1.71,0
0.0,100.15,22.59,1.45,0
0.0,100.05,22.41,1.63,0
0.0,100.14,22.29,1.16,0
0.0,100.24,24.33,0.55,0
0.0,100.22,23.94,0.21,0
0.0,100.14,23.26,0.44,0
0.0,100.03,23.02,2.01,0
0.0,99.98,24.42,1.23,0
0.0,100.01,23.65,1.4,0
0.0,100.01,25.02,0.64,0
0.0,100.12,22.79,0.45,0
0.0,100.28,21.82,0.92,0
0.0,100.28,21.52,0.17,0
0.0,100.36,21.27,1.57,0
0.0,100.36,22.36,0.19,0
0.0,100.26,23.15,1.11,0
0.0,100.21,21.99,1.09,0
0.0,100.29,21.98,1.57,0
0.0,100.45,21.59,1.81,0
0.0,100.57,20.07,2.12,0
0.0,100.46,19.47,1.03,0
0.0,100.36,20.41,0.94,0
0.0,100.37,21.29,0.9,0
0.0,100.49,22.31,0.81,0
0.0,100.67,23.25,0.36,0
0.0,100.67,23.69,1.2,0
0.0,100.63,23.51,1.24,0
0.0,100.53,20.07,1.84,0
0.0,100.52,19.48,1.24,0
0.0,100.55,19.18,1.91,0
0.0,100.46,19.51,0.81,0
0.0,100.34,20.79,0.59,0
0.0,100.3,21.32,1.79,0
0.0,100.43,20.36,2.2,0
0.0,100.53,18.31,2.51,0
0.0,100.63,15.62,2.25,0
0.0,100.62,14.78,0.96,0
0.0,100.48,15.1,0.63,0
0.0,100.39,16.33,0.84,0
0.0,100.45,17.44,0.65,0
0.0,100.54,17.49,0.76,0
0.0,100.42,18.24,0.23,0
0.0,100.18,18.87,0.74,0
0.0,100.23,19.67,0.09,0
0.0,100.59,19.71,3.14,0
0.0,100.63,16.34,2.63,0
0.0,100.41,17.66,0.85,0
0.0,100.34,17.05,0.17,0
0.0,100.53,18.4,1.06,0
0.0,100.65,19.04,2.78,0
0.0,100.65,17.94,0.42,0
0.0,100.7,18.4,1.18,0
0.0,100.93,17.82,2.05,0
0.0,100.96,16.51,2.6,0
0.0,100.81,16.05,0.79,0
0.0,100.64,17.43,0.34,0
0.0,100.66,18.75,0.72,0
0.0,100.71,18.42,1.39,0
0.0,100.9,15.19,2.75,0
0.0,100.95,15.26,2.57,0
0.0,100.67,15.05,0.51,0
0.0,100.46,15.3,0.81,0
0.0,100.55,15.62,1.27,0
0.0,100.67,15.11,1.13,0
0.0,100.55,15.65,0.9,0
0.0,100.45,14.17,0.24,0
0.0,100.51,13.49,0.3,0
0.0,100.57,13.93,0.21,0
0.0,100.54,13.47,0.25,0
0.0,100.45,14.63,0.38,0
0.0,100.51,16.77,0.84,0
0.0,100.79,15.37,3.33,0
0.0,101.14,11.36,3.51,0
0.0,101.27,9.65,3.89,0
0.0,101.2,9.19,3.06,0
0.0,101.2,9.65,2.98,0
0.0,101.06,11.21,3.14,0
0.0,101.03,9.69,2.04,0
0.0,100.92,9.75,0.47,0
0.0,100.87,10.65,0.99,0
0.0,100.76,10.54,0.41,0
0.0,100.68,10.57,0.81,0
0.0,100.72,11.48,1.52,0
0.0,100.76,10.7,2.88,0
0.0,100.76,8.63,3.23,0
0.0,100.77,8.2,1.82,0
0.0,100.91,9.37,1.37,0
0.0,100.88,8.57,0.51,0
0.0,100.96,8.48,1.41,0
0.0,101.07,9.78,1.41,0
0.0,101.12,10.54,0.75,0
0.0,101.03,10.57,0.09,0
0.0,101.04,11.59,1.9,0
0.0,101.16,11.8,1.54,0
0.0,100.96,11.89,0.17,0
0.0,100.74,15.44,1.09,0
0.0,100.93,12.15,3.45,0
0.0,101.01,8.3,2.92,0
0.0,100.93,8.52,1.13,0
0.0,100.89,9.86,2.84,0
0.0,100.74,10.12,1.19,0
0.0,100.71,12.04,0.78,0
0.07,100.65,13.02,0.76,0
0.16,100.91,13.68,2.69,0
0.0,101.02,11.62,3.31,0
0.0,100.93,11.69,0.9,0
0.0,100.77,12.22,0.84,0
0.0,100.68,12.72,2.34,0
0.0,100.68,12.41,0.55,0
0.0,100.66,13.36,1.11,0
0.0,100.57,13.36,1.76,0
0.26,100.36,14.14,0.09,0
1.27,100.52,11.4,0.13,0
0.0,100.73,11.87,0.1,0
0.0,100.94,9.4,3.24,0
0.03,101.08,8.28,3.25,0
0.0,101.28,7.61,3.46,0
0.0,101.38,7.33,3.49,0
0.0,101.4,7.69,3.16,0
0.0,101.24,8.43,2.5,0
0.0,100.9,9.18,1.32,0
0.03,100.71,13.72,0.36,0
0.0,100.96,11.35,3.53,0
0.0,100.95,9.29,3.14,0
0.0,100.93,9.69,0.93,0
0.0,100.85,13.66,2.15,0
0.0,100.75,15.55,1.11,0
0.0,100.39,12.97,2.45,0
0.0,100.44,9.41,2.09,0
0.0,100.85,7.44,0.1,0
0.0,101.11,7.36,2.45,0
0.0,101.01,7.91,0.85,0
0.0,100.91,10.55,0.53,0
0.0,100.82,11.92,1.85,0
0.0,100.78,16.82,2.95,0
0.0,100.64,13.03,2.06,0
0.0,100.71,13.4,2.44,0
0.0,100.87,12.54,2.93,0
0.0,100.6,11.92,0.73,0
0.0,100.22,13.77,2.02,0
0.0,100.32,16.91,0.92,0
0.0,100.46,18.28,1.48,0
0.0,100.79,16.69,1.45,0
0.0,100.87,15.94,2.93,0
0.0,100.67,13.31,2.72,0
0.0,100.37,16.24,2.08,0
0.01,100.22,14.41,1.66,0
0.79,100.07,16.1,1.49,0
0.04,100.26,14.29,2.12,0
0.0,100.56,12.02,1.78,0
0.0,100.43,13.45,0.94,0
0.0,100.17,18.22,2.77,0
0.0,100.18,18.76,1.17,0
0.0,100.26,14.89,2.82,0
0.0,100.29,14.5,1.63,0
0.0,100.36,17.31,0.17,0
0.0,100.28,15.84,1.08,0
0.0,100.4,17.59,2.19,0
0.0,100.57,16.38,2.67,0
0.0,100.38,17.42,1.12,0
0.0,100.55,15.45,1.76,0
0.0,100.66,16.82,1.84,0
0.05,100.67,17.51,0.8,0
0.0,100.71,16.06,1.75,0
0.0,100.8,15.86,3.81,0
0.0,100.66,15.78,1.33,0
0.0,100.56,16.35,3.28,0
0.0,100.53,17.23,1.65,0
0.0,100.17,19.64,0.21,0
0.0,100.15,17.57,2.29,0
0.0,100.34,18.42,0.63,0
0.0,100.48,19.09,2.39,0
0.0,100.45,20.04,1.08,0
0.0,100.34,21.36,1.45,0
0.0,100.39,22.47,2.93,0
0.0,100.5,20.87,3.18,0
0.0,100.51,21.98,0.14,0
0.0,100.32,24.52,0.46,0
0.0,100.08,22.76,1.39,0
0.0,99.98,22.96,2.19,0
0.0,100.06,23.05,1.41,0
